date,year,month,day,report_month,source_day_label,school_total_daily_kwh,previous_month_same_day_kwh,previous_year_same_day_kwh,source_file,year_inferred_from_file_sequence,is_observed,school_total_is_usable,school_total_observed_month_sum_kwh,school_total_observed_day_count,calendar_days_in_month,school_total_month_observed_completeness,school_total_day_weight_observed_month
2025-07-01,2025,7,1,2025-07,07월 01일,88605.36,46080.0,71874.72,전기사용량_일별 (1).xls,True,True,True,2394300.96,31,31,1.0,0.037006776290980564
2025-07-02,2025,7,2,2025-07,07월 02일,93540.24,67375.44,69192.72,전기사용량_일별 (1).xls,True,True,True,2394300.96,31,31,1.0,0.03906787056544471
2025-07-03,2025,7,3,2025-07,07월 03일,95150.16,50884.56,74182.32,전기사용량_일별 (1).xls,True,True,True,2394300.96,31,31,1.0,0.039740267238584745
2025-07-04,2025,7,4,2025-07,07월 04일,87550.56,68669.28,73965.6,전기사용량_일별 (1).xls,True,True,True,2394300.96,31,31,1.0,0.03656623017016206
2025-07-05,2025,7,5,2025-07,07월 05일,67350.96,73029.6,72166.32,전기사용량_일별 (1).xls,True,True,True,2394300.96,31,31,1.0,0.02812969677796897
2025-07-06,2025,7,6,2025-07,07월 06일,66687.84,52262.64,56211.12,전기사용량_일별 (1).xls,True,True,True,2394300.96,31,31,1.0,0.027852739114300817
2025-07-07,2025,7,7,2025-07,07월 07일,92308.32,55898.64,55668.96,전기사용량_일별 (1).xls,True,True,True,2394300.96,31,31,1.0,0.038553348782017785
2025-07-08,2025,7,8,2025-07,07월 08일,88698.24,54918.72,70544.16,전기사용량_일별 (1).xls,True,True,True,2394300.96,31,31,1.0,0.037045568406738644
2025-07-09,2025,7,9,2025-07,07월 09일,83886.48,86220.72,73886.4,전기사용량_일별 (1).xls,True,True,True,2394300.96,31,31,1.0,0.03503589623920963
2025-07-10,2025,7,10,2025-07,07월 10일,82140.48,86743.44,69603.84,전기사용량_일별 (1).xls,True,True,True,2394300.96,31,31,1.0,0.03430666460577287
2025-07-11,2025,7,11,2025-07,07월 11일,78489.36,83902.32,70470.0,전기사용량_일별 (1).xls,True,True,True,2394300.96,31,31,1.0,0.03278174352818202
2025-07-12,2025,7,12,2025-07,07월 12일,64284.48,82013.76,72183.6,전기사용량_일별 (1).xls,True,True,True,2394300.96,31,31,1.0,0.02684895552980107
2025-07-13,2025,7,13,2025-07,07월 13일,60037.92,73457.28,56810.88,전기사용량_일별 (1).xls,True,True,True,2394300.96,31,31,1.0,0.02507534391165261
2025-07-14,2025,7,14,2025-07,07월 14일,77089.68,58649.76,52066.8,전기사용량_일별 (1).xls,True,True,True,2394300.96,31,31,1.0,0.032197155365130035
2025-07-15,2025,7,15,2025-07,07월 15일,74990.88,59178.24,68433.12,전기사용량_일별 (1).xls,True,True,True,2394300.96,31,31,1.0,0.03132057383462771
2025-07-16,2025,7,16,2025-07,07월 16일,74775.6,84814.56,70364.88,전기사용량_일별 (1).xls,True,True,True,2394300.96,31,31,1.0,0.031230660326010146
2025-07-17,2025,7,17,2025-07,07월 17일,72928.08,87095.52,74787.84,전기사용량_일별 (1).xls,True,True,True,2394300.96,31,31,1.0,0.03045902800790758
2025-07-18,2025,7,18,2025-07,07월 18일,71889.84,88403.76,74545.2,전기사용량_일별 (1).xls,True,True,True,2394300.96,31,31,1.0,0.030025398310828892
2025-07-19,2025,7,19,2025-07,07월 19일,55639.44,90254.16,72246.96,전기사용량_일별 (1).xls,True,True,True,2394300.96,31,31,1.0,0.02323828162354327
2025-07-20,2025,7,20,2025-07,07월 20일,56885.76,88104.96,57937.68,전기사용량_일별 (1).xls,True,True,True,2394300.96,31,31,1.0,0.023758817688483074
2025-07-21,2025,7,21,2025-07,07월 21일,76997.52,62019.36,57625.2,전기사용량_일별 (1).xls,True,True,True,2394300.96,31,31,1.0,0.032158663963447603
2025-07-22,2025,7,22,2025-07,07월 22일,81530.64,56550.96,81602.64,전기사용량_일별 (1).xls,True,True,True,2394300.96,31,31,1.0,0.03405195978370238
2025-07-23,2025,7,23,2025-07,07월 23일,83536.56,79035.12,81210.96,전기사용량_일별 (1).xls,True,True,True,2394300.96,31,31,1.0,0.03488974919844663
2025-07-24,2025,7,24,2025-07,07월 24일,87050.16,67618.08,80575.2,전기사용량_일별 (1).xls,True,True,True,2394300.96,31,31,1.0,0.03635723388758947
2025-07-25,2025,7,25,2025-07,07월 25일,82391.04,68742.0,83424.24,전기사용량_일별 (1).xls,True,True,True,2394300.96,31,31,1.0,0.03441131310409699
2025-07-26,2025,7,26,2025-07,07월 26일,65907.36,72140.4,79456.32,전기사용량_일별 (1).xls,True,True,True,2394300.96,31,31,1.0,0.027526765056302697
2025-07-27,2025,7,27,2025-07,07월 27일,63830.88,73727.28,61686.72,전기사용량_일별 (1).xls,True,True,True,2394300.96,31,31,1.0,0.026659505662145328
2025-07-28,2025,7,28,2025-07,07월 28일,80837.28,61147.44,58582.08,전기사용량_일별 (1).xls,True,True,True,2394300.96,31,31,1.0,0.03376237212885719
2025-07-29,2025,7,29,2025-07,07월 29일,81059.04,60720.48,74744.64,전기사용량_일별 (1).xls,True,True,True,2394300.96,31,31,1.0,0.03385499206415554
2025-07-30,2025,7,30,2025-07,07월 30일,79224.48,85388.4,74733.12,전기사용량_일별 (1).xls,True,True,True,2394300.96,31,31,1.0,0.03308877259941457
2025-07-31,2025,7,31,2025-07,07월 31일,79006.32,,75692.88,전기사용량_일별 (1).xls,True,True,True,2394300.96,31,31,1.0,0.03299765623449443
2025-08-01,2025,8,1,2025-08,08월 01일,77788.8,88605.36,76568.4,전기사용량_일별 (2).xls,True,True,True,2432070.0,31,31,1.0,0.03198460570625023
2025-08-02,2025,8,2,2025-08,08월 02일,68663.52,93540.24,75782.16,전기사용량_일별 (2).xls,True,True,True,2432070.0,31,31,1.0,0.02823254264885468
2025-08-03,2025,8,3,2025-08,08월 03일,65810.16,95150.16,65372.4,전기사용량_일별 (2).xls,True,True,True,2432070.0,31,31,1.0,0.027059319838655962
2025-08-04,2025,8,4,2025-08,08월 04일,86634.0,87550.56,60770.16,전기사용량_일별 (2).xls,True,True,True,2432070.0,31,31,1.0,0.03562150760463309
2025-08-05,2025,8,5,2025-08,08월 05일,89066.88,67350.96,82587.6,전기사용량_일별 (2).xls,True,True,True,2432070.0,31,31,1.0,0.036621840654257484
2025-08-06,2025,8,6,2025-08,08월 06일,87712.56,66687.84,82132.56,전기사용량_일별 (2).xls,True,True,True,2432070.0,31,31,1.0,0.03606498168227066
2025-08-07,2025,8,7,2025-08,08월 07일,84098.16,92308.32,84488.4,전기사용량_일별 (2).xls,True,True,True,2432070.0,31,31,1.0,0.03457884024719683
2025-08-08,2025,8,8,2025-08,08월 08일,79770.24,88698.24,82866.96,전기사용량_일별 (2).xls,True,True,True,2432070.0,31,31,1.0,0.032799319098545686
2025-08-09,2025,8,9,2025-08,08월 09일,61503.12,83886.48,81220.32,전기사용량_일별 (2).xls,True,True,True,2432070.0,31,31,1.0,0.025288383969211414
2025-08-10,2025,8,10,2025-08,08월 10일,60308.64,82140.48,63218.16,전기사용량_일별 (2).xls,True,True,True,2432070.0,31,31,1.0,0.024797246789771677
2025-08-11,2025,8,11,2025-08,08월 11일,76764.96,78489.36,60571.44,전기사용량_일별 (2).xls,True,True,True,2432070.0,31,31,1.0,0.03156363098101617
2025-08-12,2025,8,12,2025-08,08월 12일,76133.52,64284.48,81532.8,전기사용량_일별 (2).xls,True,True,True,2432070.0,31,31,1.0,0.03130400029604411
2025-08-13,2025,8,13,2025-08,08월 13일,80439.12,60037.92,80503.2,전기사용량_일별 (2).xls,True,True,True,2432070.0,31,31,1.0,0.03307434407726751
2025-08-14,2025,8,14,2025-08,08월 14일,82678.32,77089.68,79867.44,전기사용량_일별 (2).xls,True,True,True,2432070.0,31,31,1.0,0.03399504126114791
2025-08-15,2025,8,15,2025-08,08월 15일,66275.28,74990.88,63181.44,전기사용량_일별 (2).xls,True,True,True,2432070.0,31,31,1.0,0.027250564334085778
2025-08-16,2025,8,16,2025-08,08월 16일,66329.28,74775.6,78336.0,전기사용량_일별 (2).xls,True,True,True,2432070.0,31,31,1.0,0.027272767642378713
2025-08-17,2025,8,17,2025-08,08월 17일,63580.32,72928.08,60829.92,전기사용량_일별 (2).xls,True,True,True,2432070.0,31,31,1.0,0.026142471228213005
2025-08-18,2025,8,18,2025-08,08월 18일,88397.28,71889.84,58644.0,전기사용량_일별 (2).xls,True,True,True,2432070.0,31,31,1.0,0.03634651963142508
2025-08-19,2025,8,19,2025-08,08월 19일,88968.96,55639.44,80534.16,전기사용량_일별 (2).xls,True,True,True,2432070.0,31,31,1.0,0.03658157865521963
2025-08-20,2025,8,20,2025-08,08월 20일,89569.44,56885.76,81071.28,전기사용량_일별 (2).xls,True,True,True,2432070.0,31,31,1.0,0.036828479443437076
2025-08-21,2025,8,21,2025-08,08월 21일,88586.64,76997.52,80671.68,전기사용량_일별 (2).xls,True,True,True,2432070.0,31,31,1.0,0.036424379232505646
2025-08-22,2025,8,22,2025-08,08월 22일,89405.28,81530.64,84903.12,전기사용량_일별 (2).xls,True,True,True,2432070.0,31,31,1.0,0.03676098138622655
2025-08-23,2025,8,23,2025-08,08월 23일,67709.52,83536.56,78012.72,전기사용량_일별 (2).xls,True,True,True,2432070.0,31,31,1.0,0.02784028420234615
2025-08-24,2025,8,24,2025-08,08월 24일,66939.84,87050.16,61760.16,전기사용량_일별 (2).xls,True,True,True,2432070.0,31,31,1.0,0.02752381304814417
2025-08-25,2025,8,25,2025-08,08월 25일,93003.12,82391.04,60316.56,전기사용량_일별 (2).xls,True,True,True,2432070.0,31,31,1.0,0.03824031380675721
2025-08-26,2025,8,26,2025-08,08월 26일,92191.68,65907.36,81461.52,전기사용량_일별 (2).xls,True,True,True,2432070.0,31,31,1.0,0.03790667209414202
2025-08-27,2025,8,27,2025-08,08월 27일,86806.08,63830.88,80572.32,전기사용량_일별 (2).xls,True,True,True,2432070.0,31,31,1.0,0.035692262147059915
2025-08-28,2025,8,28,2025-08,08월 28일,84614.4,80837.28,75655.44,전기사용량_일별 (2).xls,True,True,True,2432070.0,31,31,1.0,0.03479110387447729
2025-08-29,2025,8,29,2025-08,08월 29일,86631.12,81059.04,76785.12,전기사용량_일별 (2).xls,True,True,True,2432070.0,31,31,1.0,0.0356203234281908
2025-08-30,2025,8,30,2025-08,08월 30일,69750.0,79224.48,77292.72,전기사용량_일별 (2).xls,True,True,True,2432070.0,31,31,1.0,0.028679273211708545
2025-08-31,2025,8,31,2025-08,08월 31일,65939.76,79006.32,59698.08,전기사용량_일별 (2).xls,True,True,True,2432070.0,31,31,1.0,0.027112607778559002
2025-09-01,2025,9,1,2025-09,09월 01일,104674.32,77788.8,55725.12,전기사용량_일별 (3).xls,True,True,True,2477499.84,30,30,1.0,0.04224998052875758
2025-09-02,2025,9,2,2025-09,09월 02일,104096.16,68663.52,92906.64,전기사용량_일별 (3).xls,True,True,True,2477499.84,30,30,1.0,0.04201661623518006
2025-09-03,2025,9,3,2025-09,09월 03일,100859.04,65810.16,88269.12,전기사용량_일별 (3).xls,True,True,True,2477499.84,30,30,1.0,0.04071000868359289
2025-09-04,2025,9,4,2025-09,09월 04일,102648.24,86634.0,88300.08,전기사용량_일별 (3).xls,True,True,True,2477499.84,30,30,1.0,0.04143218834678109
2025-09-05,2025,9,5,2025-09,09월 05일,95610.96,89066.88,91689.12,전기사용량_일별 (3).xls,True,True,True,2477499.84,30,30,1.0,0.03859171187676041
2025-09-06,2025,9,6,2025-09,09월 06일,69651.36,87712.56,85340.16,전기사용량_일별 (3).xls,True,True,True,2477499.84,30,30,1.0,0.02811356791046251
2025-09-07,2025,9,7,2025-09,09월 07일,64262.88,84098.16,58898.16,전기사용량_일별 (3).xls,True,True,True,2477499.84,30,30,1.0,0.02593860106969775
2025-09-08,2025,9,8,2025-09,09월 08일,95127.12,79770.24,57967.2,전기사용량_일별 (3).xls,True,True,True,2477499.84,30,30,1.0,0.038396418221363034
2025-09-09,2025,9,9,2025-09,09월 09일,87391.44,61503.12,95997.6,전기사용량_일별 (3).xls,True,True,True,2477499.84,30,30,1.0,0.035274044659474126
2025-09-10,2025,9,10,2025-09,09월 10일,87769.44,60308.64,98319.6,전기사용량_일별 (3).xls,True,True,True,2477499.84,30,30,1.0,0.035426617827753325
2025-09-11,2025,9,11,2025-09,09월 11일,88013.52,76764.96,96683.04,전기사용량_일별 (3).xls,True,True,True,2477499.84,30,30,1.0,0.035525136502127894
2025-09-12,2025,9,12,2025-09,09월 12일,83300.4,76133.52,96621.84,전기사용량_일별 (3).xls,True,True,True,2477499.84,30,30,1.0,0.03362276705535529
2025-09-13,2025,9,13,2025-09,09월 13일,64649.52,80439.12,90969.12,전기사용량_일별 (3).xls,True,True,True,2477499.84,30,30,1.0,0.02609466162468047
2025-09-14,2025,9,14,2025-09,09월 14일,61429.68,82678.32,60482.88,전기사용량_일별 (3).xls,True,True,True,2477499.84,30,30,1.0,0.024795028846500353
2025-09-15,2025,9,15,2025-09,09월 15일,92733.12,66275.28,56460.24,전기사용량_일별 (3).xls,True,True,True,2477499.84,30,30,1.0,0.03743012148892813
2025-09-16,2025,9,16,2025-09,09월 16일,100358.64,66329.28,54671.04,전기사용량_일별 (3).xls,True,True,True,2477499.84,30,30,1.0,0.0405080308703471
2025-09-17,2025,9,17,2025-09,09월 17일,98558.64,63580.32,52940.88,전기사용량_일별 (3).xls,True,True,True,2477499.84,30,30,1.0,0.039781491973779504
2025-09-18,2025,9,18,2025-09,09월 18일,87961.68,88397.28,60993.36,전기사용량_일별 (3).xls,True,True,True,2477499.84,30,30,1.0,0.03550421218190674
2025-09-19,2025,9,19,2025-09,09월 19일,79397.28,88968.96,101705.76,전기사용량_일별 (3).xls,True,True,True,2477499.84,30,30,1.0,0.03204734011203811
2025-09-20,2025,9,20,2025-09,09월 20일,62414.64,89569.44,92233.44,전기사용량_일별 (3).xls,True,True,True,2477499.84,30,30,1.0,0.02519259093070214
2025-09-21,2025,9,21,2025-09,09월 21일,57792.96,88586.64,56780.64,전기사용량_일별 (3).xls,True,True,True,2477499.84,30,30,1.0,0.023327129659875177
2025-09-22,2025,9,22,2025-09,09월 22일,78032.88,89405.28,52175.52,전기사용량_일별 (3).xls,True,True,True,2477499.84,30,30,1.0,0.03149662362843988
2025-09-23,2025,9,23,2025-09,09월 23일,78331.68,67709.52,75726.0,전기사용량_일별 (3).xls,True,True,True,2477499.84,30,30,1.0,0.03161722908527009
2025-09-24,2025,9,24,2025-09,09월 24일,81967.68,66939.84,74397.6,전기사용량_일별 (3).xls,True,True,True,2477499.84,30,30,1.0,0.03308483765633664
2025-09-25,2025,9,25,2025-09,09월 25일,85211.28,93003.12,77311.44,전기사용량_일별 (3).xls,True,True,True,2477499.84,30,30,1.0,0.034394060747951455
2025-09-26,2025,9,26,2025-09,09월 26일,80505.36,92191.68,78753.6,전기사용량_일별 (3).xls,True,True,True,2477499.84,30,30,1.0,0.032494597456765126
2025-09-27,2025,9,27,2025-09,09월 27일,61624.08,86806.08,76634.64,전기사용량_일별 (3).xls,True,True,True,2477499.84,30,30,1.0,0.024873495047329653
2025-09-28,2025,9,28,2025-09,09월 28일,59991.12,84614.4,53825.04,전기사용량_일별 (3).xls,True,True,True,2477499.84,30,30,1.0,0.024214378960363526
2025-09-29,2025,9,29,2025-09,09월 29일,82365.12,86631.12,50823.36,전기사용량_일별 (3).xls,True,True,True,2477499.84,30,30,1.0,0.033245257444698764
2025-09-30,2025,9,30,2025-09,09월 30일,80769.6,69750.0,75461.76,전기사용량_일별 (3).xls,True,True,True,2477499.84,30,30,1.0,0.03260125336678125
2025-10-01,2025,10,1,2025-10,10월 01일,79922.88,104674.32,52566.48,전기사용량_일별 (4).xls,True,True,True,1916519.04,31,31,1.0,0.04170210591802939
2025-10-02,2025,10,2,2025-10,10월 02일,76674.24,104096.16,64641.6,전기사용량_일별 (4).xls,True,True,True,1916519.04,31,31,1.0,0.04000703275037643
2025-10-03,2025,10,3,2025-10,10월 03일,55721.52,100859.04,47907.36,전기사용량_일별 (4).xls,True,True,True,1916519.04,31,31,1.0,0.029074336772568665
2025-10-04,2025,10,4,2025-10,10월 04일,54421.92,102648.24,62155.44,전기사용량_일별 (4).xls,True,True,True,1916519.04,31,31,1.0,0.028396232369285512
2025-10-05,2025,10,5,2025-10,10월 05일,52660.08,95610.96,47381.76,전기사용량_일별 (4).xls,True,True,True,1916519.04,31,31,1.0,0.027476940693477274
2025-10-06,2025,10,6,2025-10,10월 06일,49687.2,69651.36,46789.2,전기사용량_일별 (4).xls,True,True,True,1916519.04,31,31,1.0,0.025925753390897695
2025-10-07,2025,10,7,2025-10,10월 07일,51210.0,64262.88,65304.72,전기사용량_일별 (4).xls,True,True,True,1916519.04,31,31,1.0,0.02672031893823502
2025-10-08,2025,10,8,2025-10,10월 08일,52932.24,95127.12,65916.72,전기사용량_일별 (4).xls,True,True,True,1916519.04,31,31,1.0,0.02761894815300139
2025-10-09,2025,10,9,2025-10,10월 09일,52572.24,87391.44,48279.6,전기사용량_일별 (4).xls,True,True,True,1916519.04,31,31,1.0,0.027431107598075308
2025-10-10,2025,10,10,2025-10,10월 10일,66162.96,87769.44,63437.76,전기사용량_일별 (4).xls,True,True,True,1916519.04,31,31,1.0,0.034522464227644725
2025-10-11,2025,10,11,2025-10,10월 11일,54802.8,88013.52,61119.36,전기사용량_일별 (4).xls,True,True,True,1916519.04,31,31,1.0,0.02859496767639731
2025-10-12,2025,10,12,2025-10,10월 12일,53705.52,83300.4,47642.4,전기사용량_일별 (4).xls,True,True,True,1916519.04,31,31,1.0,0.028022429664982612
2025-10-13,2025,10,13,2025-10,10월 13일,70704.0,64649.52,46956.96,전기사용량_일별 (4).xls,True,True,True,1916519.04,31,31,1.0,0.036891884987482304
2025-10-14,2025,10,14,2025-10,10월 14일,71444.88,61429.68,63194.4,전기사용량_일별 (4).xls,True,True,True,1916519.04,31,31,1.0,0.03727846084952018
2025-10-15,2025,10,15,2025-10,10월 15일,70602.48,92733.12,64788.48,전기사용량_일별 (4).xls,True,True,True,1916519.04,31,31,1.0,0.036838913950993146
2025-10-16,2025,10,16,2025-10,10월 16일,73532.88,100358.64,65690.64,전기사용량_일별 (4).xls,True,True,True,1916519.04,31,31,1.0,0.038367936068091454
2025-10-17,2025,10,17,2025-10,10월 17일,68473.44,98558.64,65326.32,전기사용량_일별 (4).xls,True,True,True,1916519.04,31,31,1.0,0.03572802490916031
2025-10-18,2025,10,18,2025-10,10월 18일,58104.72,87961.68,63882.72,전기사용량_일별 (4).xls,True,True,True,1916519.04,31,31,1.0,0.03031784124617932
2025-10-19,2025,10,19,2025-10,10월 19일,53264.88,79397.28,51278.4,전기사용량_일별 (4).xls,True,True,True,1916519.04,31,31,1.0,0.02779251282575309
2025-10-20,2025,10,20,2025-10,10월 20일,64144.8,62414.64,45678.24,전기사용량_일별 (4).xls,True,True,True,1916519.04,31,31,1.0,0.03346943007672911
2025-10-21,2025,10,21,2025-10,10월 21일,65990.16,57792.96,62606.16,전기사용량_일별 (4).xls,True,True,True,1916519.04,31,31,1.0,0.034432300761280205
2025-10-22,2025,10,22,2025-10,10월 22일,66176.64,78032.88,64890.72,전기사용량_일별 (4).xls,True,True,True,1916519.04,31,31,1.0,0.03452960216873191
2025-10-23,2025,10,23,2025-10,10월 23일,66703.68,78331.68,62516.16,전기사용량_일별 (4).xls,True,True,True,1916519.04,31,31,1.0,0.034804600741143686
2025-10-24,2025,10,24,2025-10,10월 24일,63588.96,81967.68,61382.16,전기사용량_일별 (4).xls,True,True,True,1916519.04,31,31,1.0,0.03317940425992324
2025-10-25,2025,10,25,2025-10,10월 25일,49538.88,85211.28,59969.52,전기사용량_일별 (4).xls,True,True,True,1916519.04,31,31,1.0,0.02584836308226815
2025-10-26,2025,10,26,2025-10,10월 26일,46190.88,80505.36,50397.12,전기사용량_일별 (4).xls,True,True,True,1916519.04,31,31,1.0,0.0241014459214556
2025-10-27,2025,10,27,2025-10,10월 27일,62701.92,61624.08,46689.84,전기사용량_일별 (4).xls,True,True,True,1916519.04,31,31,1.0,0.032716565132585376
2025-10-28,2025,10,28,2025-10,10월 28일,65758.32,59991.12,61914.24,전기사용량_일별 (4).xls,True,True,True,1916519.04,31,31,1.0,0.03431133144390781
2025-10-29,2025,10,29,2025-10,10월 29일,68136.48,82365.12,61853.76,전기사용량_일별 (4).xls,True,True,True,1916519.04,31,31,1.0,0.03555220614974949
2025-10-30,2025,10,30,2025-10,10월 30일,67565.52,80769.6,60510.24,전기사용량_일별 (4).xls,True,True,True,1916519.04,31,31,1.0,0.03525429102963673
2025-10-31,2025,10,31,2025-10,10월 31일,63421.92,,60243.84,전기사용량_일별 (4).xls,True,True,True,1916519.04,31,31,1.0,0.03309224624243754
2025-11-01,2025,11,1,2025-11,11월 01일,50332.32,79922.88,59479.2,전기사용량_일별 (5).xls,True,True,True,2233051.92,30,30,1.0,0.022539699838237528
2025-11-02,2025,11,2,2025-11,11월 02일,48527.28,76674.24,47157.12,전기사용량_일별 (5).xls,True,True,True,2233051.92,30,30,1.0,0.021731371118321335
2025-11-03,2025,11,3,2025-11,11월 03일,69665.76,55721.52,44921.52,전기사용량_일별 (5).xls,True,True,True,2233051.92,30,30,1.0,0.03119755495877588
2025-11-04,2025,11,4,2025-11,11월 04일,68706.72,54421.92,61120.8,전기사용량_일별 (5).xls,True,True,True,2233051.92,30,30,1.0,0.03076807994683796
2025-11-05,2025,11,5,2025-11,11월 05일,68474.88,52660.08,61768.08,전기사용량_일별 (5).xls,True,True,True,2233051.92,30,30,1.0,0.03066425790941753
2025-11-06,2025,11,6,2025-11,11월 06일,67931.28,49687.2,64090.8,전기사용량_일별 (5).xls,True,True,True,2233051.92,30,30,1.0,0.030420824250248512
2025-11-07,2025,11,7,2025-11,11월 07일,64509.12,51210.0,64753.92,전기사용량_일별 (5).xls,True,True,True,2233051.92,30,30,1.0,0.02888832069789045
2025-11-08,2025,11,8,2025-11,11월 08일,54948.24,52932.24,61387.92,전기사용량_일별 (5).xls,True,True,True,2233051.92,30,30,1.0,0.02460679015470451
2025-11-09,2025,11,9,2025-11,11월 09일,56789.28,52572.24,47622.96,전기사용량_일별 (5).xls,True,True,True,2233051.92,30,30,1.0,0.025431240309002758
2025-11-10,2025,11,10,2025-11,11월 10일,75692.16,66162.96,45791.28,전기사용량_일별 (5).xls,True,True,True,2233051.92,30,30,1.0,0.03389628307433175
2025-11-11,2025,11,11,2025-11,11월 11일,77145.84,54802.8,64506.24,전기사용량_일별 (5).xls,True,True,True,2233051.92,30,30,1.0,0.03454726659467909
2025-11-12,2025,11,12,2025-11,11월 12일,81825.84,53705.52,63750.24,전기사용량_일별 (5).xls,True,True,True,2233051.92,30,30,1.0,0.03664305306434613
2025-11-13,2025,11,13,2025-11,11월 13일,78914.88,70704.0,66108.96,전기사용량_일별 (5).xls,True,True,True,2233051.92,30,30,1.0,0.03533947388021323
2025-11-14,2025,11,14,2025-11,11월 14일,76072.32,71444.88,66139.2,전기사용량_일별 (5).xls,True,True,True,2233051.92,30,30,1.0,0.03406652542140624
2025-11-15,2025,11,15,2025-11,11월 15일,61872.48,70602.48,63949.68,전기사용량_일별 (5).xls,True,True,True,2233051.92,30,30,1.0,0.027707586843748803
2025-11-16,2025,11,16,2025-11,11월 16일,60215.04,73532.88,52451.28,전기사용량_일별 (5).xls,True,True,True,2233051.92,30,30,1.0,0.02696535600479903
2025-11-17,2025,11,17,2025-11,11월 17일,86644.08,68473.44,52714.8,전기사용량_일별 (5).xls,True,True,True,2233051.92,30,30,1.0,0.038800745842040255
2025-11-18,2025,11,18,2025-11,11월 18일,93764.88,58104.72,78836.4,전기사용량_일별 (5).xls,True,True,True,2233051.92,30,30,1.0,0.04198956556281056
2025-11-19,2025,11,19,2025-11,11월 19일,95524.56,53264.88,83028.96,전기사용량_일별 (5).xls,True,True,True,2233051.92,30,30,1.0,0.04277758127540537
2025-11-20,2025,11,20,2025-11,11월 20일,90829.44,64144.8,81388.8,전기사용량_일별 (5).xls,True,True,True,2233051.92,30,30,1.0,0.04067502380329787
2025-11-21,2025,11,21,2025-11,11월 21일,84389.04,65990.16,81482.4,전기사용량_일별 (5).xls,True,True,True,2233051.92,30,30,1.0,0.037790899192348376
2025-11-22,2025,11,22,2025-11,11월 22일,66720.24,66176.64,77438.88,전기사용량_일별 (5).xls,True,True,True,2233051.92,30,30,1.0,0.029878499197636216
2025-11-23,2025,11,23,2025-11,11월 23일,63228.24,66703.68,63101.52,전기사용량_일별 (5).xls,True,True,True,2233051.92,30,30,1.0,0.02831472006257696
2025-11-24,2025,11,24,2025-11,11월 24일,86892.48,63588.96,60048.0,전기사용량_일별 (5).xls,True,True,True,2233051.92,30,30,1.0,0.03891198373927642
2025-11-25,2025,11,25,2025-11,11월 25일,91862.64,49538.88,87505.2,전기사용량_일별 (5).xls,True,True,True,2233051.92,30,30,1.0,0.04113770897006282
2025-11-26,2025,11,26,2025-11,11월 26일,91063.44,46190.88,88439.76,전기사용량_일별 (5).xls,True,True,True,2233051.92,30,30,1.0,0.04077981312678122
2025-11-27,2025,11,27,2025-11,11월 27일,89981.28,62701.92,97413.12,전기사용량_일별 (5).xls,True,True,True,2233051.92,30,30,1.0,0.04029520280925667
2025-11-28,2025,11,28,2025-11,11월 28일,89387.28,65758.32,97805.52,전기사용량_일별 (5).xls,True,True,True,2233051.92,30,30,1.0,0.04002919914195278
2025-11-29,2025,11,29,2025-11,11월 29일,74308.32,68136.48,95040.0,전기사용량_일별 (5).xls,True,True,True,2233051.92,30,30,1.0,0.03327657513668558
2025-11-30,2025,11,30,2025-11,11월 30일,66832.56,67565.52,68716.08,전기사용량_일별 (5).xls,True,True,True,2233051.92,30,30,1.0,0.02992879807290822
2025-12-01,2025,12,1,2025-12,12월 01일,92082.96,50332.32,67424.4,전기사용량_일별 (6).xls,True,True,True,3057053.7600000002,31,31,1.0,0.03012147225045856
2025-12-02,2025,12,2,2025-12,12월 02일,99933.84,48527.28,91051.2,전기사용량_일별 (6).xls,True,True,True,3057053.7600000002,31,31,1.0,0.03268959195536031
2025-12-03,2025,12,3,2025-12,12월 03일,111820.32,69665.76,99103.68,전기사용량_일별 (6).xls,True,True,True,3057053.7600000002,31,31,1.0,0.03657780620776522
2025-12-04,2025,12,4,2025-12,12월 04일,115812.0,68706.72,100098.0,전기사용량_일별 (6).xls,True,True,True,3057053.7600000002,31,31,1.0,0.037883533981423995
2025-12-05,2025,12,5,2025-12,12월 05일,109418.4,68474.88,102489.84,전기사용량_일별 (6).xls,True,True,True,3057053.7600000002,31,31,1.0,0.03579210854309608
2025-12-06,2025,12,6,2025-12,12월 06일,83072.16,67931.28,96540.48,전기사용량_일별 (6).xls,True,True,True,3057053.7600000002,31,31,1.0,0.027173928403535826
2025-12-07,2025,12,7,2025-12,12월 07일,76615.2,64509.12,80205.12,전기사용량_일별 (6).xls,True,True,True,3057053.7600000002,31,31,1.0,0.02506177712753079
2025-12-08,2025,12,8,2025-12,12월 08일,104893.92,54948.24,77025.6,전기사용량_일별 (6).xls,True,True,True,3057053.7600000002,31,31,1.0,0.03431209531624331
2025-12-09,2025,12,9,2025-12,12월 09일,110485.44,56789.28,110438.64,전기사용량_일별 (6).xls,True,True,True,3057053.7600000002,31,31,1.0,0.036141150491249455
2025-12-10,2025,12,10,2025-12,12월 10일,108525.6,75692.16,110885.76,전기사용량_일별 (6).xls,True,True,True,3057053.7600000002,31,31,1.0,0.0355000626485548
2025-12-11,2025,12,11,2025-12,12월 11일,102252.24,77145.84,110531.52,전기사용량_일별 (6).xls,True,True,True,3057053.7600000002,31,31,1.0,0.03344796919763688
2025-12-12,2025,12,12,2025-12,12월 12일,104548.32,81825.84,109630.08,전기사용량_일별 (6).xls,True,True,True,3057053.7600000002,31,31,1.0,0.03419904529254991
2025-12-13,2025,12,13,2025-12,12월 13일,82839.6,78914.88,108208.08,전기사용량_일별 (6).xls,True,True,True,3057053.7600000002,31,31,1.0,0.027097855158425478
2025-12-14,2025,12,14,2025-12,12월 14일,83204.64,76072.32,85924.8,전기사용량_일별 (6).xls,True,True,True,3057053.7600000002,31,31,1.0,0.02721726424595163
2025-12-15,2025,12,15,2025-12,12월 15일,111843.36,61872.48,83907.36,전기사용량_일별 (6).xls,True,True,True,3057053.7600000002,31,31,1.0,0.036585342876011444
2025-12-16,2025,12,16,2025-12,12월 16일,115071.84,60215.04,110362.32,전기사용량_일별 (6).xls,True,True,True,3057053.7600000002,31,31,1.0,0.03764141851401396
2025-12-17,2025,12,17,2025-12,12월 17일,105603.12,86644.08,110663.28,전기사용량_일별 (6).xls,True,True,True,3057053.7600000002,31,31,1.0,0.03454408338569747
2025-12-18,2025,12,18,2025-12,12월 18일,107552.88,93764.88,114334.56,전기사용량_일별 (6).xls,True,True,True,3057053.7600000002,31,31,1.0,0.03518187393603441
2025-12-19,2025,12,19,2025-12,12월 19일,102556.8,95524.56,117175.68,전기사용량_일별 (6).xls,True,True,True,3057053.7600000002,31,31,1.0,0.03354759453101668
2025-12-20,2025,12,20,2025-12,12월 20일,78623.28,90829.44,110629.44,전기사용량_일별 (6).xls,True,True,True,3057053.7600000002,31,31,1.0,0.025718644869365984
2025-12-21,2025,12,21,2025-12,12월 21일,76523.76,84389.04,90470.88,전기사용량_일별 (6).xls,True,True,True,3057053.7600000002,31,31,1.0,0.025031865975428575
2025-12-22,2025,12,22,2025-12,12월 22일,91748.88,66720.24,87740.64,전기사용량_일별 (6).xls,True,True,True,3057053.7600000002,31,31,1.0,0.03001219056088827
2025-12-23,2025,12,23,2025-12,12월 23일,98440.56,63228.24,116755.92,전기사용량_일별 (6).xls,True,True,True,3057053.7600000002,31,31,1.0,0.03220112164465174
2025-12-24,2025,12,24,2025-12,12월 24일,94042.08,86892.48,103515.12,전기사용량_일별 (6).xls,True,True,True,3057053.7600000002,31,31,1.0,0.030762324572270523
2025-12-25,2025,12,25,2025-12,12월 25일,80982.0,91862.64,82110.96,전기사용량_일별 (6).xls,True,True,True,3057053.7600000002,31,31,1.0,0.026490211281073445
2025-12-26,2025,12,26,2025-12,12월 26일,113470.56,91063.44,99298.08,전기사용량_일별 (6).xls,True,True,True,3057053.7600000002,31,31,1.0,0.037117620070901206
2025-12-27,2025,12,27,2025-12,12월 27일,90170.64,89981.28,100298.88,전기사용량_일별 (6).xls,True,True,True,3057053.7600000002,31,31,1.0,0.02949592878602174
2025-12-28,2025,12,28,2025-12,12월 28일,86582.88,89387.28,81432.72,전기사용량_일별 (6).xls,True,True,True,3057053.7600000002,31,31,1.0,0.028322328227554625
2025-12-29,2025,12,29,2025-12,12월 29일,104986.08,74308.32,77811.84,전기사용량_일별 (6).xls,True,True,True,3057053.7600000002,31,31,1.0,0.034342241989228216
2025-12-30,2025,12,30,2025-12,12월 30일,104402.88,66832.56,98910.0,전기사용량_일별 (6).xls,True,True,True,3057053.7600000002,31,31,1.0,0.0341514700742456
2025-12-31,2025,12,31,2025-12,12월 31일,108947.52,,94472.64,전기사용량_일별 (6).xls,True,True,True,3057053.7600000002,31,31,1.0,0.03563807788581382
2026-01-01,2026,1,1,2026-01,01월 01일,94178.88,92082.96,76809.6,전기사용량_일별 (7).xls,True,True,True,3312686.88,31,31,1.0,0.02842975608971531
2026-01-02,2026,1,2,2026-01,01월 02일,118429.92,99933.84,99337.68,전기사용량_일별 (7).xls,True,True,True,3312686.88,31,31,1.0,0.03575041176243014
2026-01-03,2026,1,3,2026-01,01월 03일,97574.4,111820.32,101885.04,전기사용량_일별 (7).xls,True,True,True,3312686.88,31,31,1.0,0.02945476090393427
2026-01-04,2026,1,4,2026-01,01월 04일,90840.96,115812.0,83668.32,전기사용량_일별 (7).xls,True,True,True,3312686.88,31,31,1.0,0.027422138973786744
2026-01-05,2026,1,5,2026-01,01월 05일,114723.36,109418.4,82983.6,전기사용량_일별 (7).xls,True,True,True,3312686.88,31,31,1.0,0.034631513377443024
2026-01-06,2026,1,6,2026-01,01월 06일,116412.48,83072.16,107236.08,전기사용량_일별 (7).xls,True,True,True,3312686.88,31,31,1.0,0.03514140762980895
2026-01-07,2026,1,7,2026-01,01월 07일,114009.12,76615.2,108102.24,전기사용량_일별 (7).xls,True,True,True,3312686.88,31,31,1.0,0.03441590591864209
2026-01-08,2026,1,8,2026-01,01월 08일,120017.52,104893.92,109036.8,전기사용량_일별 (7).xls,True,True,True,3312686.88,31,31,1.0,0.03622966019655924
2026-01-09,2026,1,9,2026-01,01월 09일,110458.8,110485.44,121990.32,전기사용량_일별 (7).xls,True,True,True,3312686.88,31,31,1.0,0.03334417166526768
2026-01-10,2026,1,10,2026-01,01월 10일,89497.44,108525.6,118765.44,전기사용량_일별 (7).xls,True,True,True,3312686.88,31,31,1.0,0.027016570911163208
2026-01-11,2026,1,11,2026-01,01월 11일,91825.92,102252.24,88919.28,전기사용량_일별 (7).xls,True,True,True,3312686.88,31,31,1.0,0.02771946861455255
2026-01-12,2026,1,12,2026-01,01월 12일,118839.6,104548.32,83556.72,전기사용량_일별 (7).xls,True,True,True,3312686.88,31,31,1.0,0.0358740817665206
2026-01-13,2026,1,13,2026-01,01월 13일,112857.84,82839.6,110458.8,전기사용량_일별 (7).xls,True,True,True,3312686.88,31,31,1.0,0.03406836929906276
2026-01-14,2026,1,14,2026-01,01월 14일,113555.52,83204.64,107952.48,전기사용량_일별 (7).xls,True,True,True,3312686.88,31,31,1.0,0.03427897779460521
2026-01-15,2026,1,15,2026-01,01월 15일,101613.6,111843.36,112184.64,전기사용량_일별 (7).xls,True,True,True,3312686.88,31,31,1.0,0.030674073246548438
2026-01-16,2026,1,16,2026-01,01월 16일,98175.6,115071.84,110645.28,전기사용량_일별 (7).xls,True,True,True,3312686.88,31,31,1.0,0.029636245004840304
2026-01-17,2026,1,17,2026-01,01월 17일,81543.6,105603.12,104155.92,전기사용량_일별 (7).xls,True,True,True,3312686.88,31,31,1.0,0.02461554712348787
2026-01-18,2026,1,18,2026-01,01월 18일,63486.0,107552.88,84237.84,전기사용량_일별 (7).xls,True,True,True,3312686.88,31,31,1.0,0.019164503709448083
2026-01-19,2026,1,19,2026-01,01월 19일,101941.92,102556.8,81461.52,전기사용량_일별 (7).xls,True,True,True,3312686.88,31,31,1.0,0.030773183126803702
2026-01-20,2026,1,20,2026-01,01월 20일,112980.96,78623.28,103988.16,전기사용량_일별 (7).xls,True,True,True,3312686.88,31,31,1.0,0.034105535504158485
2026-01-21,2026,1,21,2026-01,01월 21일,118023.84,76523.76,104925.6,전기사용량_일별 (7).xls,True,True,True,3312686.88,31,31,1.0,0.035627828489482836
2026-01-22,2026,1,22,2026-01,01월 22일,123656.4,91748.88,104461.92,전기사용량_일별 (7).xls,True,True,True,3312686.88,31,31,1.0,0.03732812803605513
2026-01-23,2026,1,23,2026-01,01월 23일,117625.68,98440.56,101167.92,전기사용량_일별 (7).xls,True,True,True,3312686.88,31,31,1.0,0.03550763602505046
2026-01-24,2026,1,24,2026-01,01월 24일,97352.64,94042.08,96506.64,전기사용량_일별 (7).xls,True,True,True,3312686.88,31,31,1.0,0.02938781826551624
2026-01-25,2026,1,25,2026-01,01월 25일,93934.8,80982.0,78310.08,전기사용량_일별 (7).xls,True,True,True,3312686.88,31,31,1.0,0.028356075718209747
2026-01-26,2026,1,26,2026-01,01월 26일,122190.48,113470.56,75543.12,전기사용량_일별 (7).xls,True,True,True,3312686.88,31,31,1.0,0.0368856111145645
2026-01-27,2026,1,27,2026-01,01월 27일,118046.88,90170.64,78454.08,전기사용량_일별 (7).xls,True,True,True,3312686.88,31,31,1.0,0.035634783568799
2026-01-28,2026,1,28,2026-01,01월 28일,119846.16,86582.88,78250.32,전기사용량_일별 (7).xls,True,True,True,3312686.88,31,31,1.0,0.0361779317941453
2026-01-29,2026,1,29,2026-01,01월 29일,118684.08,104986.08,75054.24,전기사용량_일별 (7).xls,True,True,True,3312686.88,31,31,1.0,0.03582713498113652
2026-01-30,2026,1,30,2026-01,01월 30일,122870.88,104402.88,78856.56,전기사용량_일별 (7).xls,True,True,True,3312686.88,31,31,1.0,0.03709100330061983
2026-01-31,2026,1,31,2026-01,01월 31일,97491.6,108947.52,100165.68,전기사용량_일별 (7).xls,True,True,True,3312686.88,31,31,1.0,0.029429766087641827
2026-02-01,2026,2,1,2026-02,02월 01일,93291.12,94178.88,82049.76,전기사용량_일별 (8).xls,True,True,True,2695366.8,28,28,1.0,0.03461166027569977
2026-02-02,2026,2,2,2026-02,02월 02일,121781.52,118429.92,80249.76,전기사용량_일별 (8).xls,True,True,True,2695366.8,28,28,1.0,0.045181798633121106
2026-02-03,2026,2,3,2026-02,02월 03일,118211.04,97574.4,109567.44,전기사용량_일별 (8).xls,True,True,True,2695366.8,28,28,1.0,0.043857125494014396
2026-02-04,2026,2,4,2026-02,02월 04일,115030.08,90840.96,116237.52,전기사용량_일별 (8).xls,True,True,True,2695366.8,28,28,1.0,0.0426769670087203
2026-02-05,2026,2,5,2026-02,02월 05일,108751.68,114723.36,117727.2,전기사용량_일별 (8).xls,True,True,True,2695366.8,28,28,1.0,0.040347636544310034
2026-02-06,2026,2,6,2026-02,02월 06일,108031.68,116412.48,118015.2,전기사용량_일별 (8).xls,True,True,True,2695366.8,28,28,1.0,0.040080511491051976
2026-02-07,2026,2,7,2026-02,02월 07일,94813.92,114009.12,116983.44,전기사용량_일별 (8).xls,True,True,True,2695366.8,28,28,1.0,0.03517662976334056
2026-02-08,2026,2,8,2026-02,02월 08일,99765.36,120017.52,95145.12,전기사용량_일별 (8).xls,True,True,True,2695366.8,28,28,1.0,0.03701364875459622
2026-02-09,2026,2,9,2026-02,02월 09일,120355.92,110458.8,88123.68,전기사용량_일별 (8).xls,True,True,True,2695366.8,28,28,1.0,0.04465289102767015
2026-02-10,2026,2,10,2026-02,02월 10일,117974.88,89497.44,118631.52,전기사용량_일별 (8).xls,True,True,True,2695366.8,28,28,1.0,0.04376950847654576
2026-02-11,2026,2,11,2026-02,02월 11일,111044.16,91825.92,114294.24,전기사용량_일별 (8).xls,True,True,True,2695366.8,28,28,1.0,0.0411981627138837
2026-02-12,2026,2,12,2026-02,02월 12일,109437.12,118839.6,114355.44,전기사용량_일별 (8).xls,True,True,True,2695366.8,28,28,1.0,0.04060193959501171
2026-02-13,2026,2,13,2026-02,02월 13일,100964.88,112857.84,111319.2,전기사용량_일별 (8).xls,True,True,True,2695366.8,28,28,1.0,0.03745867909332415
2026-02-14,2026,2,14,2026-02,02월 14일,78221.52,113555.52,103644.0,전기사용량_일별 (8).xls,True,True,True,2695366.8,28,28,1.0,0.029020732911008627
2026-02-15,2026,2,15,2026-02,02월 15일,72802.08,101613.6,89303.04,전기사용량_일별 (8).xls,True,True,True,2695366.8,28,28,1.0,0.027010082635135227
2026-02-16,2026,2,16,2026-02,02월 16일,73343.52,98175.6,82214.64,전기사용량_일별 (8).xls,True,True,True,2695366.8,28,28,1.0,0.02721096067518529
2026-02-17,2026,2,17,2026-02,02월 17일,70534.8,81543.6,107611.92,전기사용량_일별 (8).xls,True,True,True,2695366.8,28,28,1.0,0.026168905842425604
2026-02-18,2026,2,18,2026-02,02월 18일,76836.96,63486.0,112868.64,전기사용량_일별 (8).xls,True,True,True,2695366.8,28,28,1.0,0.028507051433593385
2026-02-19,2026,2,19,2026-02,02월 19일,101447.28,101941.92,114201.36,전기사용량_일별 (8).xls,True,True,True,2695366.8,28,28,1.0,0.03763765287900705
2026-02-20,2026,2,20,2026-02,02월 20일,98081.28,112980.96,112444.56,전기사용량_일별 (8).xls,True,True,True,2695366.8,28,28,1.0,0.03638884325502562
2026-02-21,2026,2,21,2026-02,02월 21일,74977.92,118023.84,113986.8,전기사용량_일별 (8).xls,True,True,True,2695366.8,28,28,1.0,0.027817334546081075
2026-02-22,2026,2,22,2026-02,02월 22일,69881.04,123656.4,88924.32,전기사용량_일별 (8).xls,True,True,True,2695366.8,28,28,1.0,0.025926356294067286
2026-02-23,2026,2,23,2026-02,02월 23일,92050.56,117625.68,90678.96,전기사용량_일별 (8).xls,True,True,True,2695366.8,28,28,1.0,0.03415140380893614
2026-02-24,2026,2,24,2026-02,02월 24일,101782.8,97352.64,113965.2,전기사용량_일별 (8).xls,True,True,True,2695366.8,28,28,1.0,0.0377621331538253
2026-02-25,2026,2,25,2026-02,02월 25일,97375.68,93934.8,107578.08,전기사용량_일별 (8).xls,True,True,True,2695366.8,28,28,1.0,0.036127060702832725
2026-02-26,2026,2,26,2026-02,02월 26일,96055.92,122190.48,102952.8,전기사용량_일별 (8).xls,True,True,True,2695366.8,28,28,1.0,0.03563742048021071
2026-02-27,2026,2,27,2026-02,02월 27일,92391.12,118046.88,98713.44,전기사용량_일별 (8).xls,True,True,True,2695366.8,28,28,1.0,0.034277753959127195
2026-02-28,2026,2,28,2026-02,02월 28일,80130.96,119846.16,89084.88,전기사용량_일별 (8).xls,True,True,True,2695366.8,28,28,1.0,0.029729148552248997
2026-03-01,2026,3,1,2026-03,03월 01일,75270.24,93291.12,73243.44,전기사용량_일별 (9).xls,True,True,True,2626275.6,31,31,1.0,0.028660449801993365
2026-03-02,2026,3,2,2026-03,03월 02일,79030.08,121781.52,70095.6,전기사용량_일별 (9).xls,True,True,True,2626275.6,31,31,1.0,0.030092074114384644
2026-03-03,2026,3,3,2026-03,03월 03일,109416.96,118211.04,80682.48,전기사용량_일별 (9).xls,True,True,True,2626275.6,31,31,1.0,0.041662405880022645
2026-03-04,2026,3,4,2026-03,03월 04일,104266.08,115030.08,118740.96,전기사용량_일별 (9).xls,True,True,True,2626275.6,31,31,1.0,0.039701118953395446
2026-03-05,2026,3,5,2026-03,03월 05일,104454.0,108751.68,115948.08,전기사용량_일별 (9).xls,True,True,True,2626275.6,31,31,1.0,0.03977267275376582
2026-03-06,2026,3,6,2026-03,03월 06일,101571.12,108031.68,110536.56,전기사용량_일별 (9).xls,True,True,True,2626275.6,31,31,1.0,0.038674966176436315
2026-03-07,2026,3,7,2026-03,03월 07일,81090.72,94813.92,105001.2,전기사용량_일별 (9).xls,True,True,True,2626275.6,31,31,1.0,0.03087669854603226
2026-03-08,2026,3,8,2026-03,03월 08일,79975.44,99765.36,68747.04,전기사용량_일별 (9).xls,True,True,True,2626275.6,31,31,1.0,0.03045203633617127
2026-03-09,2026,3,9,2026-03,03월 09일,113950.08,120355.92,62228.88,전기사용량_일별 (9).xls,True,True,True,2626275.6,31,31,1.0,0.04338846996865066
2026-03-10,2026,3,10,2026-03,03월 10일,108724.32,117974.88,93232.8,전기사용량_일별 (9).xls,True,True,True,2626275.6,31,31,1.0,0.04139867118287205
2026-03-11,2026,3,11,2026-03,03월 11일,104916.24,111044.16,90426.96,전기사용량_일별 (9).xls,True,True,True,2626275.6,31,31,1.0,0.03994867865352745
2026-03-12,2026,3,12,2026-03,03월 12일,102595.68,109437.12,80984.16,전기사용량_일별 (9).xls,True,True,True,2626275.6,31,31,1.0,0.039065085172325396
2026-03-13,2026,3,13,2026-03,03월 13일,96078.96,100964.88,79619.76,전기사용량_일별 (9).xls,True,True,True,2626275.6,31,31,1.0,0.03658373096867671
2026-03-14,2026,3,14,2026-03,03월 14일,69284.16,78221.52,75434.4,전기사용량_일별 (9).xls,True,True,True,2626275.6,31,31,1.0,0.026381145984831142
2026-03-15,2026,3,15,2026-03,03월 15일,66613.68,72802.08,61954.56,전기사용량_일별 (9).xls,True,True,True,2626275.6,31,31,1.0,0.025364314392594588
2026-03-16,2026,3,16,2026-03,03월 16일,92514.96,73343.52,59312.16,전기사용량_일별 (9).xls,True,True,True,2626275.6,31,31,1.0,0.035226676134066055
2026-03-17,2026,3,17,2026-03,03월 17일,88066.08,70534.8,91609.92,전기사용량_일별 (9).xls,True,True,True,2626275.6,31,31,1.0,0.033532687886983374
2026-03-18,2026,3,18,2026-03,03월 18일,92080.08,76836.96,97719.12,전기사용량_일별 (9).xls,True,True,True,2626275.6,31,31,1.0,0.03506108802899437
2026-03-19,2026,3,19,2026-03,03월 19일,88469.28,101447.28,93109.68,전기사용량_일별 (9).xls,True,True,True,2626275.6,31,31,1.0,0.03368621328241408
2026-03-20,2026,3,20,2026-03,03월 20일,83064.24,98081.28,88018.56,전기사용량_일별 (9).xls,True,True,True,2626275.6,31,31,1.0,0.03162815052616717
2026-03-21,2026,3,21,2026-03,03월 21일,62804.88,74977.92,74237.76,전기사용량_일별 (9).xls,True,True,True,2626275.6,31,31,1.0,0.023914047710758154
2026-03-22,2026,3,22,2026-03,03월 22일,61351.2,69881.04,54794.88,전기사용량_일별 (9).xls,True,True,True,2626275.6,31,31,1.0,0.02336053382973211
2026-03-23,2026,3,23,2026-03,03월 23일,82231.2,92050.56,50252.4,전기사용량_일별 (9).xls,True,True,True,2626275.6,31,31,1.0,0.03131095609310767
2026-03-24,2026,3,24,2026-03,03월 24일,81974.88,101782.8,69250.32,전기사용량_일별 (9).xls,True,True,True,2626275.6,31,31,1.0,0.031213357806012438
2026-03-25,2026,3,25,2026-03,03월 25일,81720.72,97375.68,66989.52,전기사용량_일별 (9).xls,True,True,True,2626275.6,31,31,1.0,0.031116581976392728
2026-03-26,2026,3,26,2026-03,03월 26일,78646.32,96055.92,67564.8,전기사용량_일별 (9).xls,True,True,True,2626275.6,31,31,1.0,0.02994595083623364
2026-03-27,2026,3,27,2026-03,03월 27일,72210.24,92391.12,68418.0,전기사용량_일별 (9).xls,True,True,True,2626275.6,31,31,1.0,0.027495301711671083
2026-03-28,2026,3,28,2026-03,03월 28일,56915.28,80130.96,67472.64,전기사용량_일별 (9).xls,True,True,True,2626275.6,31,31,1.0,0.021671480327502567
2026-03-29,2026,3,29,2026-03,03월 29일,54756.0,,55751.04,전기사용량_일별 (9).xls,True,True,True,2626275.6,31,31,1.0,0.020849297004472796
2026-03-30,2026,3,30,2026-03,03월 30일,74810.16,,56399.76,전기사용량_일별 (9).xls,True,True,True,2626275.6,31,31,1.0,0.02848526635970726
2026-03-31,2026,3,31,2026-03,03월 31일,77422.32,,80074.08,전기사용량_일별 (9).xls,True,True,True,2626275.6,31,31,1.0,0.029479891600104727
2026-04-01,2026,4,1,2026-04,04월 01일,76167.36,75270.24,76570.56,전기사용량_일별 (10).xls,True,True,True,1863198.0,30,30,1.0,0.040879906483368915
2026-04-02,2026,4,2,2026-04,04월 02일,73740.96,79030.08,76626.0,전기사용량_일별 (10).xls,True,True,True,1863198.0,30,30,1.0,0.03957762943068853
2026-04-03,2026,4,3,2026-04,04월 03일,68572.8,109416.96,77198.4,전기사용량_일별 (10).xls,True,True,True,1863198.0,30,30,1.0,0.03680381795171528
2026-04-04,2026,4,4,2026-04,04월 04일,52566.48,104266.08,69602.4,전기사용량_일별 (10).xls,True,True,True,1863198.0,30,30,1.0,0.028213040159982997
2026-04-05,2026,4,5,2026-04,04월 05일,48785.76,104454.0,49312.8,전기사용량_일별 (10).xls,True,True,True,1863198.0,30,30,1.0,0.02618388383843263
2026-04-06,2026,4,6,2026-04,04월 06일,69576.48,101571.12,45812.16,전기사용량_일별 (10).xls,True,True,True,1863198.0,30,30,1.0,0.037342504661340335
2026-04-07,2026,4,7,2026-04,04월 07일,69610.32,81090.72,64873.44,전기사용량_일별 (10).xls,True,True,True,1863198.0,30,30,1.0,0.0373606669822531
2026-04-08,2026,4,8,2026-04,04월 08일,70084.08,79975.44,63195.12,전기사용량_일별 (10).xls,True,True,True,1863198.0,30,30,1.0,0.03761493947503164
2026-04-09,2026,4,9,2026-04,04월 09일,71100.0,113950.08,63929.52,전기사용량_일별 (10).xls,True,True,True,1863198.0,30,30,1.0,0.03816019553477408
2026-04-10,2026,4,10,2026-04,04월 10일,64741.68,108724.32,62586.0,전기사용량_일별 (10).xls,True,True,True,1863198.0,30,30,1.0,0.0347476113649757
2026-04-11,2026,4,11,2026-04,04월 11일,50041.44,104916.24,59384.88,전기사용량_일별 (10).xls,True,True,True,1863198.0,30,30,1.0,0.02685782187400373
2026-04-12,2026,4,12,2026-04,04월 12일,48188.16,102595.68,47175.12,전기사용량_일별 (10).xls,True,True,True,1863198.0,30,30,1.0,0.025863144979760607
2026-04-13,2026,4,13,2026-04,04월 13일,64185.84,96078.96,47618.64,전기사용량_일별 (10).xls,True,True,True,1863198.0,30,30,1.0,0.034449285583174734
2026-04-14,2026,4,14,2026-04,04월 14일,66288.24,69284.16,70020.72,전기사용량_일별 (10).xls,True,True,True,1863198.0,30,30,1.0,0.03557766807392451
2026-04-15,2026,4,15,2026-04,04월 15일,65622.96,66613.68,69105.6,전기사용량_일별 (10).xls,True,True,True,1863198.0,30,30,1.0,0.03522060457342698
2026-04-16,2026,4,16,2026-04,04월 16일,65127.6,92514.96,66374.64,전기사용량_일별 (10).xls,True,True,True,1863198.0,30,30,1.0,0.034954739109853056
2026-04-17,2026,4,17,2026-04,04월 17일,64300.32,88066.08,63910.08,전기사용량_일별 (10).xls,True,True,True,1863198.0,30,30,1.0,0.03451072832839022
2026-04-18,2026,4,18,2026-04,04월 18일,52819.2,92080.08,60904.8,전기사용량_일별 (10).xls,True,True,True,1863198.0,30,30,1.0,0.028348677918288875
2026-04-19,2026,4,19,2026-04,04월 19일,50887.44,88469.28,49150.08,전기사용량_일별 (10).xls,True,True,True,1863198.0,30,30,1.0,0.02731187989682256
2026-04-20,2026,4,20,2026-04,04월 20일,66924.0,83064.24,47662.56,전기사용량_일별 (10).xls,True,True,True,1863198.0,30,30,1.0,0.03591888784766836
2026-04-21,2026,4,21,2026-04,04월 21일,64900.8,62804.88,61054.56,전기사용량_일별 (10).xls,True,True,True,1863198.0,30,30,1.0,0.03483301291650163
2026-04-22,2026,4,22,2026-04,04월 22일,64270.08,61351.2,63352.8,전기사용량_일별 (10).xls,True,True,True,1863198.0,30,30,1.0,0.034494498169276695
2026-04-23,2026,4,23,2026-04,04월 23일,63321.84,82231.2,60598.08,전기사용량_일별 (10).xls,True,True,True,1863198.0,30,30,1.0,0.033985566751359754
2026-04-24,2026,4,24,2026-04,04월 24일,60916.32,81974.88,60840.72,전기사용량_일별 (10).xls,True,True,True,1863198.0,30,30,1.0,0.032694496237114894
2026-04-25,2026,4,25,2026-04,04월 25일,49221.36,81720.72,58454.64,전기사용량_일별 (10).xls,True,True,True,1863198.0,30,30,1.0,0.026417675416139347
2026-04-26,2026,4,26,2026-04,04월 26일,47550.96,78646.32,46606.32,전기사용량_일별 (10).xls,True,True,True,1863198.0,30,30,1.0,0.02552115234129706
2026-04-27,2026,4,27,2026-04,04월 27일,61966.8,72210.24,45937.44,전기사용량_일별 (10).xls,True,True,True,1863198.0,30,30,1.0,0.03325830105012994
2026-04-28,2026,4,28,2026-04,04월 28일,63413.28,56915.28,59106.96,전기사용량_일별 (10).xls,True,True,True,1863198.0,30,30,1.0,0.034034643661060175
2026-04-29,2026,4,29,2026-04,04월 29일,64298.16,54756.0,60956.64,전기사용량_일별 (10).xls,True,True,True,1863198.0,30,30,1.0,0.03450956903131069
2026-04-30,2026,4,30,2026-04,04월 30일,64007.28,74810.16,60641.28,전기사용량_일별 (10).xls,True,True,True,1863198.0,30,30,1.0,0.034353450357932976
2026-05-01,2026,5,1,2026-05,05월 01일,48719.52,76167.36,48222.72,전기사용량_일별 (11).xls,True,True,True,1939290.48,31,31,1.0,0.02512234268277334
2026-05-02,2026,5,2,2026-05,05월 02일,47396.16,73740.96,56682.0,전기사용량_일별 (11).xls,True,True,True,1939290.48,31,31,1.0,0.024439948779617585
2026-05-03,2026,5,3,2026-05,05월 03일,48877.2,68572.8,45581.04,전기사용량_일별 (11).xls,True,True,True,1939290.48,31,31,1.0,0.025203650770254903
2026-05-04,2026,5,4,2026-05,05월 04일,62319.6,52566.48,43540.56,전기사용량_일별 (11).xls,True,True,True,1939290.48,31,31,1.0,0.03213525804550951
2026-05-05,2026,5,5,2026-05,05월 05일,48250.08,48785.76,44838.72,전기사용량_일별 (11).xls,True,True,True,1939290.48,31,31,1.0,0.024880274769357915
2026-05-06,2026,5,6,2026-05,05월 06일,63205.2,69576.48,45559.44,전기사용량_일별 (11).xls,True,True,True,1939290.48,31,31,1.0,0.032591919906707324
2026-05-07,2026,5,7,2026-05,05월 07일,66040.56,69610.32,61298.64,전기사용량_일별 (11).xls,True,True,True,1939290.48,31,31,1.0,0.034053980402152025
2026-05-08,2026,5,8,2026-05,05월 08일,62210.88,70084.08,61547.04,전기사용량_일별 (11).xls,True,True,True,1939290.48,31,31,1.0,0.03207919630482588
2026-05-09,2026,5,9,2026-05,05월 09일,47580.48,71100.0,60616.08,전기사용량_일별 (11).xls,True,True,True,1939290.48,31,31,1.0,0.024534993849915667
2026-05-10,2026,5,10,2026-05,05월 10일,46429.92,64741.68,45810.0,전기사용량_일별 (11).xls,True,True,True,1939290.48,31,31,1.0,0.02394170470016436
2026-05-11,2026,5,11,2026-05,05월 11일,65041.92,50041.44,43853.76,전기사용량_일별 (11).xls,True,True,True,1939290.48,31,31,1.0,0.03353902918143547
2026-05-12,2026,5,12,2026-05,05월 12일,68636.16,48188.16,60328.8,전기사용량_일별 (11).xls,True,True,True,1939290.48,31,31,1.0,0.03539240805224806
2026-05-13,2026,5,13,2026-05,05월 13일,69762.24,64185.84,62392.32,전기사용량_일별 (11).xls,True,True,True,1939290.48,31,31,1.0,0.0359730740286004
2026-05-14,2026,5,14,2026-05,05월 14일,70200.72,66288.24,62847.36,전기사용량_일별 (11).xls,True,True,True,1939290.48,31,31,1.0,0.036199177340364194
2026-05-15,2026,5,15,2026-05,05월 15일,68268.24,65622.96,65227.68,전기사용량_일별 (11).xls,True,True,True,1939290.48,31,31,1.0,0.03520268918145775
2026-05-16,2026,5,16,2026-05,05월 16일,54295.92,65127.6,63237.6,전기사용량_일별 (11).xls,True,True,True,1939290.48,31,31,1.0,0.027997827329096153
2026-05-17,2026,5,17,2026-05,05월 17일,52290.0,64300.32,48322.08,전기사용량_일별 (11).xls,True,True,True,1939290.48,31,31,1.0,0.026963469649992817
2026-05-18,2026,5,18,2026-05,05월 18일,78766.56,52819.2,44226.72,전기사용량_일별 (11).xls,True,True,True,1939290.48,31,31,1.0,0.040616174220584014
2026-05-19,2026,5,19,2026-05,05월 19일,78692.4,50887.44,64895.04,전기사용량_일별 (11).xls,True,True,True,1939290.48,31,31,1.0,0.04057793343058127
2026-05-20,2026,5,20,2026-05,05월 20일,73480.32,66924.0,74548.8,전기사용량_일별 (11).xls,True,True,True,1939290.48,31,31,1.0,0.03789031130601951
2026-05-21,2026,5,21,2026-05,05월 21일,72432.72,64900.8,76387.68,전기사용량_일별 (11).xls,True,True,True,1939290.48,31,31,1.0,0.037350113738505025
2026-05-22,2026,5,22,2026-05,05월 22일,66283.92,64270.08,67175.28,전기사용량_일별 (11).xls,True,True,True,1939290.48,31,31,1.0,0.03417946959652996
2026-05-23,2026,5,23,2026-05,05월 23일,51641.28,63321.84,60269.04,전기사용량_일별 (11).xls,True,True,True,1939290.48,31,31,1.0,0.026628955554920272
2026-05-24,2026,5,24,2026-05,05월 24일,51269.04,60916.32,47287.44,전기사용량_일별 (11).xls,True,True,True,1939290.48,31,31,1.0,0.02643700906529485
2026-05-25,2026,5,25,2026-05,05월 25일,56139.84,49221.36,43934.4,전기사용량_일별 (11).xls,True,True,True,1939290.48,31,31,1.0,0.02894864930188282
2026-05-26,2026,5,26,2026-05,05월 26일,79885.44,47550.96,64387.44,전기사용량_일별 (11).xls,True,True,True,1939290.48,31,31,1.0,0.04119312749887784
2026-05-27,2026,5,27,2026-05,05월 27일,75979.44,61966.8,66284.64,전기사용량_일별 (11).xls,True,True,True,1939290.48,31,31,1.0,0.03917898880213139
2026-05-28,2026,5,28,2026-05,05월 28일,78905.52,63413.28,67041.36,전기사용량_일별 (11).xls,True,True,True,1939290.48,31,31,1.0,0.04068782929311343
2026-05-29,2026,5,29,2026-05,05월 29일,73473.12,64298.16,67422.24,전기사용량_일별 (11).xls,True,True,True,1939290.48,31,31,1.0,0.03788659860796099
2026-05-30,2026,5,30,2026-05,05월 30일,56852.64,64007.28,61266.96,전기사용량_일별 (11).xls,True,True,True,1939290.48,31,31,1.0,0.029316206409676183
2026-05-31,2026,5,31,2026-05,05월 31일,55963.44,,47332.8,전기사용량_일별 (11).xls,True,True,True,1939290.48,31,31,1.0,0.028857688199449113
2026-06-01,2026,6,1,2026-06,06월 01일,83738.16,48719.52,46080.0,전기사용량_일별.xls,True,True,True,1696799.52,23,30,0.7666666666666667,0.049350650452800696
2026-06-02,2026,6,2,2026-06,06월 02일,80763.84,47396.16,67375.44,전기사용량_일별.xls,True,True,True,1696799.52,23,30,0.7666666666666667,0.04759775038125894
2026-06-03,2026,6,3,2026-06,06월 03일,62477.28,48877.2,50884.56,전기사용량_일별.xls,True,True,True,1696799.52,23,30,0.7666666666666667,0.036820661052520805
2026-06-04,2026,6,4,2026-06,06월 04일,85636.08,62319.6,68669.28,전기사용량_일별.xls,True,True,True,1696799.52,23,30,0.7666666666666667,0.05046917976497306
2026-06-05,2026,6,5,2026-06,06월 05일,80408.16,48250.08,73029.6,전기사용량_일별.xls,True,True,True,1696799.52,23,30,0.7666666666666667,0.04738813221729341
2026-06-06,2026,6,6,2026-06,06월 06일,59641.92,63205.2,52262.64,전기사용량_일별.xls,True,True,True,1696799.52,23,30,0.7666666666666667,0.035149656336536446
2026-06-07,2026,6,7,2026-06,06월 07일,58065.84,66040.56,55898.64,전기사용량_일별.xls,True,True,True,1696799.52,23,30,0.7666666666666667,0.03422080175977419
2026-06-08,2026,6,8,2026-06,06월 08일,78613.2,62210.88,54918.72,전기사용량_일별.xls,True,True,True,1696799.52,23,30,0.7666666666666667,0.046330281847321596
2026-06-09,2026,6,9,2026-06,06월 09일,76991.76,47580.48,86220.72,전기사용량_일별.xls,True,True,True,1696799.52,23,30,0.7666666666666667,0.045374694589729724
2026-06-10,2026,6,10,2026-06,06월 10일,78500.16,46429.92,86743.44,전기사용량_일별.xls,True,True,True,1696799.52,23,30,0.7666666666666667,0.046263662309381136
2026-06-11,2026,6,11,2026-06,06월 11일,77702.4,65041.92,83902.32,전기사용량_일별.xls,True,True,True,1696799.52,23,30,0.7666666666666667,0.04579350658939366
2026-06-12,2026,6,12,2026-06,06월 12일,77166.72,68636.16,82013.76,전기사용량_일별.xls,True,True,True,1696799.52,23,30,0.7666666666666667,0.04547780635864395
2026-06-13,2026,6,13,2026-06,06월 13일,63441.36,69762.24,73457.28,전기사용량_일별.xls,True,True,True,1696799.52,23,30,0.7666666666666667,0.03738883660221686
2026-06-14,2026,6,14,2026-06,06월 14일,60075.36,70200.72,58649.76,전기사용량_일별.xls,True,True,True,1696799.52,23,30,0.7666666666666667,0.035405101953352745
2026-06-15,2026,6,15,2026-06,06월 15일,83306.88,68268.24,59178.24,전기사용량_일별.xls,True,True,True,1696799.52,23,30,0.7666666666666667,0.04909647782078581
2026-06-16,2026,6,16,2026-06,06월 16일,85548.24,54295.92,84814.56,전기사용량_일별.xls,True,True,True,1696799.52,23,30,0.7666666666666667,0.050417411716382386
2026-06-17,2026,6,17,2026-06,06월 17일,86443.92,52290.0,87095.52,전기사용량_일별.xls,True,True,True,1696799.52,23,30,0.7666666666666667,0.050945276080700444
2026-06-18,2026,6,18,2026-06,06월 18일,88953.84,78766.56,88403.76,전기사용량_일별.xls,True,True,True,1696799.52,23,30,0.7666666666666667,0.052424484419939014
2026-06-19,2026,6,19,2026-06,06월 19일,81813.6,78692.4,90254.16,전기사용량_일별.xls,True,True,True,1696799.52,23,30,0.7666666666666667,0.048216420994744276
2026-06-20,2026,6,20,2026-06,06월 20일,57592.8,73480.32,88104.96,전기사용량_일별.xls,True,True,True,1696799.52,23,30,0.7666666666666667,0.03394201808826537
2026-06-21,2026,6,21,2026-06,06월 21일,54473.04,72432.72,62019.36,전기사용량_일별.xls,True,True,True,1696799.52,23,30,0.7666666666666667,0.03210340370676201
2026-06-22,2026,6,22,2026-06,06월 22일,68091.12,66283.92,56550.96,전기사용량_일별.xls,True,True,True,1696799.52,23,30,0.7666666666666667,0.040129148551385725
2026-06-23,2026,6,23,2026-06,06월 23일,67353.84,51641.28,79035.12,전기사용량_일별.xls,True,True,True,1696799.52,23,30,0.7666666666666667,0.03969463640583774
2026-06-24,2026,6,24,2026-06,06월 24일,,51269.04,67618.08,전기사용량_일별.xls,True,False,False,1696799.52,23,30,0.7666666666666667,
2026-06-25,2026,6,25,2026-06,06월 25일,,56139.84,68742.0,전기사용량_일별.xls,True,False,False,1696799.52,23,30,0.7666666666666667,
2026-06-26,2026,6,26,2026-06,06월 26일,,79885.44,72140.4,전기사용량_일별.xls,True,False,False,1696799.52,23,30,0.7666666666666667,
2026-06-27,2026,6,27,2026-06,06월 27일,,75979.44,73727.28,전기사용량_일별.xls,True,False,False,1696799.52,23,30,0.7666666666666667,
2026-06-28,2026,6,28,2026-06,06월 28일,,78905.52,61147.44,전기사용량_일별.xls,True,False,False,1696799.52,23,30,0.7666666666666667,
2026-06-29,2026,6,29,2026-06,06월 29일,,73473.12,60720.48,전기사용량_일별.xls,True,False,False,1696799.52,23,30,0.7666666666666667,
2026-06-30,2026,6,30,2026-06,06월 30일,,56852.64,85388.4,전기사용량_일별.xls,True,False,False,1696799.52,23,30,0.7666666666666667,
