timestamp,report_date,hour,rank,feature,feature_label_ko,shap_value_kwh,feature_value,direction
2026-06-01 08:00:00,2026-06-01,8,1,school_lag_168h_kwh,1주 전 같은시간 사용량,-504.0205520153993,2026.08,down
2026-06-01 08:00:00,2026-06-01,8,2,school_lag_24h_kwh,24시간 전 사용량,-485.7404366293508,2103.84,down
2026-06-01 08:00:00,2026-06-01,8,3,day_of_week,요일,290.11659763379663,0.0,up
2026-06-01 08:00:00,2026-06-01,8,4,school_same_hour_7d_mean_kwh,최근 7일 같은시간 평균,-135.84293424490687,2581.714285714286,down
2026-06-01 08:00:00,2026-06-01,8,5,academic_days_to_final,기말까지 일수,42.740886215948315,14.0,up
2026-06-01 09:00:00,2026-06-01,9,1,school_lag_168h_kwh,1주 전 같은시간 사용량,-481.361436271032,2093.76,down
2026-06-01 09:00:00,2026-06-01,9,2,day_of_week,요일,439.0668366106653,0.0,up
2026-06-01 09:00:00,2026-06-01,9,3,school_lag_24h_kwh,24시간 전 사용량,-431.1904069423777,2131.92,down
2026-06-01 09:00:00,2026-06-01,9,4,hour_cos,시간 주기(cos),156.58124474866906,-0.7071067811865475,up
2026-06-01 09:00:00,2026-06-01,9,5,weather_temp_mean_c,평균기온,-41.10338278163748,23.5,down
2026-06-01 10:00:00,2026-06-01,10,1,day_of_week,요일,505.8203660291005,0.0,up
2026-06-01 10:00:00,2026-06-01,10,2,school_lag_168h_kwh,1주 전 같은시간 사용량,-438.4752800783669,2180.88,down
2026-06-01 10:00:00,2026-06-01,10,3,school_lag_24h_kwh,24시간 전 사용량,-341.6797221906204,2254.32,down
2026-06-01 10:00:00,2026-06-01,10,4,hour_cos,시간 주기(cos),263.12743280394193,-0.8660254037844387,up
2026-06-01 10:00:00,2026-06-01,10,5,school_same_hour_7d_mean_kwh,최근 7일 같은시간 평균,83.9525657431081,3311.2799999999997,up
2026-06-01 11:00:00,2026-06-01,11,1,day_of_week,요일,514.3739641140321,0.0,up
2026-06-01 11:00:00,2026-06-01,11,2,school_lag_168h_kwh,1주 전 같은시간 사용량,-397.046535365177,2368.8,down
2026-06-01 11:00:00,2026-06-01,11,3,school_lag_24h_kwh,24시간 전 사용량,-300.7050478321606,2309.04,down
2026-06-01 11:00:00,2026-06-01,11,4,hour_cos,시간 주기(cos),286.8229213750011,-0.9659258262890682,up
2026-06-01 11:00:00,2026-06-01,11,5,school_same_hour_7d_mean_kwh,최근 7일 같은시간 평균,91.66375957142937,3463.6114285714284,up
2026-06-01 12:00:00,2026-06-01,12,1,day_of_week,요일,502.67502144548314,0.0,up
2026-06-01 12:00:00,2026-06-01,12,2,school_lag_168h_kwh,1주 전 같은시간 사용량,-380.510269230392,2437.92,down
2026-06-01 12:00:00,2026-06-01,12,3,hour_cos,시간 주기(cos),263.69822563788506,-1.0,up
2026-06-01 12:00:00,2026-06-01,12,4,school_lag_24h_kwh,24시간 전 사용량,-234.7845487272897,2378.88,down
2026-06-01 12:00:00,2026-06-01,12,5,school_same_hour_7d_mean_kwh,최근 7일 같은시간 평균,89.92468261273805,3532.2171428571423,up
2026-06-01 13:00:00,2026-06-01,13,1,day_of_week,요일,521.4179934005132,0.0,up
2026-06-01 13:00:00,2026-06-01,13,2,school_lag_168h_kwh,1주 전 같은시간 사용량,-395.36109052122436,2572.56,down
2026-06-01 13:00:00,2026-06-01,13,3,hour_cos,시간 주기(cos),298.7666625628689,-0.9659258262890683,up
2026-06-01 13:00:00,2026-06-01,13,4,school_lag_24h_kwh,24시간 전 사용량,-181.72810456281488,2495.52,down
2026-06-01 13:00:00,2026-06-01,13,5,school_same_hour_7d_mean_kwh,최근 7일 같은시간 평균,148.2138175552453,3773.9314285714286,up
2026-06-01 14:00:00,2026-06-01,14,1,day_of_week,요일,513.2317384751702,0.0,up
2026-06-01 14:00:00,2026-06-01,14,2,school_lag_168h_kwh,1주 전 같은시간 사용량,-326.7295716505061,2619.36,down
2026-06-01 14:00:00,2026-06-01,14,3,hour_cos,시간 주기(cos),287.8767114484983,-0.8660254037844388,up
2026-06-01 14:00:00,2026-06-01,14,4,school_same_hour_7d_mean_kwh,최근 7일 같은시간 평균,157.49854965269125,3776.297142857143,up
2026-06-01 14:00:00,2026-06-01,14,5,school_lag_24h_kwh,24시간 전 사용량,-152.29604830647398,2528.64,down
2026-06-01 15:00:00,2026-06-01,15,1,day_of_week,요일,516.9896474673096,0.0,up
2026-06-01 15:00:00,2026-06-01,15,2,hour_cos,시간 주기(cos),265.5878110023373,-0.7071067811865479,up
2026-06-01 15:00:00,2026-06-01,15,3,school_lag_168h_kwh,1주 전 같은시간 사용량,-248.57593719223246,2730.24,down
2026-06-01 15:00:00,2026-06-01,15,4,school_same_hour_7d_mean_kwh,최근 7일 같은시간 평균,213.85025435017894,3838.3200000000006,up
2026-06-01 15:00:00,2026-06-01,15,5,school_lag_24h_kwh,24시간 전 사용량,-162.95932450829025,2651.04,down
2026-06-01 16:00:00,2026-06-01,16,1,day_of_week,요일,452.164147808373,0.0,up
2026-06-01 16:00:00,2026-06-01,16,2,school_lag_168h_kwh,1주 전 같은시간 사용량,-233.9186338272862,2760.48,down
2026-06-01 16:00:00,2026-06-01,16,3,school_lag_24h_kwh,24시간 전 사용량,-184.79125697529662,2656.8,down
2026-06-01 16:00:00,2026-06-01,16,4,hour_cos,시간 주기(cos),151.68763700632056,-0.5000000000000004,up
2026-06-01 16:00:00,2026-06-01,16,5,school_same_hour_7d_mean_kwh,최근 7일 같은시간 평균,113.67668960020373,3626.5371428571425,up
2026-06-01 17:00:00,2026-06-01,17,1,day_of_week,요일,328.48260158560845,0.0,up
2026-06-01 17:00:00,2026-06-01,17,2,school_lag_168h_kwh,1주 전 같은시간 사용량,-260.83941352166306,2790.72,down
2026-06-01 17:00:00,2026-06-01,17,3,school_lag_24h_kwh,24시간 전 사용량,-222.9778975659249,2676.96,down
2026-06-01 17:00:00,2026-06-01,17,4,school_same_hour_7d_mean_kwh,최근 7일 같은시간 평균,79.33430728123436,3399.9428571428575,up
2026-06-01 17:00:00,2026-06-01,17,5,hour,시간,57.60352413206709,17.0,up
2026-06-01 18:00:00,2026-06-01,18,1,school_lag_168h_kwh,1주 전 같은시간 사용량,-360.4448166097987,2665.44,down
2026-06-01 18:00:00,2026-06-01,18,2,day_of_week,요일,294.8286516789587,0.0,up
2026-06-01 18:00:00,2026-06-01,18,3,school_lag_24h_kwh,24시간 전 사용량,-204.24180245837266,2630.88,down
2026-06-01 18:00:00,2026-06-01,18,4,hour_cos,시간 주기(cos),-66.48967029075409,-1.8369701987210297e-16,down
2026-06-01 18:00:00,2026-06-01,18,5,hour,시간,56.001003200666794,18.0,up
2026-06-01 19:00:00,2026-06-01,19,1,school_lag_168h_kwh,1주 전 같은시간 사용량,-364.0180568134837,2646.72,down
2026-06-01 19:00:00,2026-06-01,19,2,day_of_week,요일,283.63879486488213,0.0,up
2026-06-01 19:00:00,2026-06-01,19,3,school_lag_24h_kwh,24시간 전 사용량,-207.19829870889333,2618.64,down
2026-06-01 19:00:00,2026-06-01,19,4,hour_cos,시간 주기(cos),-70.3608826730582,0.2588190451025203,down
2026-06-01 19:00:00,2026-06-01,19,5,hour,시간,46.32443967291841,19.0,up
2026-06-01 20:00:00,2026-06-01,20,1,school_lag_168h_kwh,1주 전 같은시간 사용량,-370.7023807781729,2638.08,down
2026-06-01 20:00:00,2026-06-01,20,2,day_of_week,요일,245.2732450355423,0.0,up
2026-06-01 20:00:00,2026-06-01,20,3,school_lag_24h_kwh,24시간 전 사용량,-227.11547185015942,2562.48,down
2026-06-01 20:00:00,2026-06-01,20,4,hour_cos,시간 주기(cos),-84.79371182364311,0.5000000000000001,down
2026-06-01 20:00:00,2026-06-01,20,5,school_same_hour_7d_mean_kwh,최근 7일 같은시간 평균,-70.22093754845955,2847.085714285714,down
2026-06-01 21:00:00,2026-06-01,21,1,school_lag_168h_kwh,1주 전 같은시간 사용량,-435.7522046166814,2566.8,down
2026-06-01 21:00:00,2026-06-01,21,2,school_lag_24h_kwh,24시간 전 사용량,-283.92165247213353,2501.28,down
2026-06-01 21:00:00,2026-06-01,21,3,day_of_week,요일,199.6518316705634,0.0,up
2026-06-01 21:00:00,2026-06-01,21,4,school_same_hour_7d_mean_kwh,최근 7일 같은시간 평균,-141.63600404727154,2657.211428571429,down
2026-06-01 21:00:00,2026-06-01,21,5,hour_cos,시간 주기(cos),-89.696707718966,0.7071067811865474,down
2026-06-04 07:00:00,2026-06-04,7,1,school_lag_24h_kwh,24시간 전 사용량,-492.2044057403625,2251.44,down
2026-06-04 07:00:00,2026-06-04,7,2,school_lag_168h_kwh,1주 전 같은시간 사용량,-418.99013877825655,2491.2,down
2026-06-04 07:00:00,2026-06-04,7,3,school_same_hour_7d_mean_kwh,최근 7일 같은시간 평균,-141.564657682069,2346.48,down
2026-06-04 07:00:00,2026-06-04,7,4,weather_temp_mean_c,평균기온,-47.929111485680835,23.0,down
2026-06-04 07:00:00,2026-06-04,7,5,weather_temp_min_c,최저기온,-36.4964475029734,18.0,down
2026-06-04 08:00:00,2026-06-04,8,1,school_lag_24h_kwh,24시간 전 사용량,-547.7814856237219,2230.56,down
2026-06-04 08:00:00,2026-06-04,8,2,school_same_hour_7d_mean_kwh,최근 7일 같은시간 평균,-153.41526037994365,2660.194285714286,down
2026-06-04 08:00:00,2026-06-04,8,3,school_lag_168h_kwh,1주 전 같은시간 사용량,-112.86898529689913,3004.56,down
2026-06-04 08:00:00,2026-06-04,8,4,academic_days_to_final,기말까지 일수,57.95639314571157,11.0,up
2026-06-04 08:00:00,2026-06-04,8,5,weather_temp_mean_c,평균기온,-54.19501384608672,23.0,down
2026-06-04 09:00:00,2026-06-04,9,1,school_lag_24h_kwh,24시간 전 사용량,-583.534807658856,2367.36,down
2026-06-04 09:00:00,2026-06-04,9,2,school_lag_168h_kwh,1주 전 같은시간 사용량,347.7214893041229,3807.36,up
2026-06-04 09:00:00,2026-06-04,9,3,weather_temp_min_c,최저기온,-78.48002374242171,18.0,down
2026-06-04 09:00:00,2026-06-04,9,4,weather_temp_mean_c,평균기온,-68.37938530861119,23.0,down
2026-06-04 09:00:00,2026-06-04,9,5,hour_cos,시간 주기(cos),67.35777221348106,-0.7071067811865475,up
2026-06-04 10:00:00,2026-06-04,10,1,school_lag_24h_kwh,24시간 전 사용량,-532.2825011918975,2499.12,down
2026-06-04 10:00:00,2026-06-04,10,2,school_lag_168h_kwh,1주 전 같은시간 사용량,333.51123309234515,4098.24,up
2026-06-04 10:00:00,2026-06-04,10,3,hour_cos,시간 주기(cos),118.7700048560866,-0.8660254037844387,up
2026-06-04 10:00:00,2026-06-04,10,4,weather_temp_min_c,최저기온,-89.24453978265883,18.0,down
2026-06-04 10:00:00,2026-06-04,10,5,weather_temp_mean_c,평균기온,-72.26177272089646,23.0,down
2026-06-04 11:00:00,2026-06-04,11,1,school_lag_24h_kwh,24시간 전 사용량,-418.65893738297495,2673.36,down
2026-06-04 11:00:00,2026-06-04,11,2,school_lag_168h_kwh,1주 전 같은시간 사용량,350.7244419301911,4366.8,up
2026-06-04 11:00:00,2026-06-04,11,3,hour_cos,시간 주기(cos),124.37887146559174,-0.9659258262890682,up
2026-06-04 11:00:00,2026-06-04,11,4,weather_temp_min_c,최저기온,-91.45774766171725,18.0,down
2026-06-04 11:00:00,2026-06-04,11,5,weather_temp_mean_c,평균기온,-71.22968864629227,23.0,down
2026-06-04 12:00:00,2026-06-04,12,1,school_lag_24h_kwh,24시간 전 사용량,-399.6967088709554,2743.2,down
2026-06-04 12:00:00,2026-06-04,12,2,school_lag_168h_kwh,1주 전 같은시간 사용량,340.50876790889805,4472.64,up
2026-06-04 12:00:00,2026-06-04,12,3,hour_cos,시간 주기(cos),100.32241669724479,-1.0,up
2026-06-04 12:00:00,2026-06-04,12,4,weather_temp_min_c,최저기온,-85.87918150980033,18.0,down
2026-06-04 12:00:00,2026-06-04,12,5,weather_temp_mean_c,평균기온,-70.20855538863894,23.0,down
2026-06-04 13:00:00,2026-06-04,13,1,school_lag_168h_kwh,1주 전 같은시간 사용량,368.96281026212745,4854.24,up
2026-06-04 13:00:00,2026-06-04,13,2,school_lag_24h_kwh,24시간 전 사용량,-346.27868366854443,2909.52,down
2026-06-04 13:00:00,2026-06-04,13,3,hour_cos,시간 주기(cos),124.31410949593689,-0.9659258262890683,up
2026-06-04 13:00:00,2026-06-04,13,4,school_same_hour_7d_mean_kwh,최근 7일 같은시간 평균,107.80169203380909,3927.702857142857,up
2026-06-04 13:00:00,2026-06-04,13,5,weather_temp_min_c,최저기온,-85.98117717021105,18.0,down
2026-06-04 14:00:00,2026-06-04,14,1,school_lag_168h_kwh,1주 전 같은시간 사용량,360.1282035117714,4806.72,up
2026-06-04 14:00:00,2026-06-04,14,2,school_lag_24h_kwh,24시간 전 사용량,-337.17276606047926,2944.08,down
2026-06-04 14:00:00,2026-06-04,14,3,hour_cos,시간 주기(cos),121.8138012391516,-0.8660254037844388,up
2026-06-04 14:00:00,2026-06-04,14,4,school_same_hour_7d_mean_kwh,최근 7일 같은시간 평균,108.66242596063007,3920.194285714286,up
2026-06-04 14:00:00,2026-06-04,14,5,weather_temp_min_c,최저기온,-85.6606613908982,18.0,down
2026-06-04 15:00:00,2026-06-04,15,1,school_lag_168h_kwh,1주 전 같은시간 사용량,343.3108753017002,4880.88,up
2026-06-04 15:00:00,2026-06-04,15,2,school_lag_24h_kwh,24시간 전 사용량,-304.2581303730777,3035.52,down
2026-06-04 15:00:00,2026-06-04,15,3,school_same_hour_7d_mean_kwh,최근 7일 같은시간 평균,133.7739132972358,4012.2514285714287,up
2026-06-04 15:00:00,2026-06-04,15,4,hour_cos,시간 주기(cos),118.53509478806667,-0.7071067811865479,up
2026-06-04 15:00:00,2026-06-04,15,5,weather_temp_min_c,최저기온,-82.14019132654616,18.0,down
2026-06-04 16:00:00,2026-06-04,16,1,school_lag_24h_kwh,24시간 전 사용량,-338.0713379773014,3056.4,down
2026-06-04 16:00:00,2026-06-04,16,2,school_lag_168h_kwh,1주 전 같은시간 사용량,330.64152829645485,4591.44,up
2026-06-04 16:00:00,2026-06-04,16,3,weather_temp_min_c,최저기온,-75.20956844009707,18.0,down
2026-06-04 16:00:00,2026-06-04,16,4,weather_temp_max_c,최고기온,-57.05367792047683,27.0,down
2026-06-04 16:00:00,2026-06-04,16,5,weather_temp_mean_c,평균기온,-54.32530346607311,23.0,down
2026-06-04 17:00:00,2026-06-04,17,1,school_lag_24h_kwh,24시간 전 사용량,-363.210140160127,2998.08,down
2026-06-04 17:00:00,2026-06-04,17,2,school_lag_168h_kwh,1주 전 같은시간 사용량,307.60533441948706,4211.28,up
2026-06-04 17:00:00,2026-06-04,17,3,weather_temp_min_c,최저기온,-63.34364923709499,18.0,down
2026-06-04 17:00:00,2026-06-04,17,4,day_of_week,요일,-61.35494036475816,3.0,down
2026-06-04 17:00:00,2026-06-04,17,5,academic_days_to_final,기말까지 일수,59.1547981413353,11.0,up
2026-06-04 18:00:00,2026-06-04,18,1,school_lag_24h_kwh,24시간 전 사용량,-395.22639303426655,2836.8,down
2026-06-04 18:00:00,2026-06-04,18,2,school_lag_168h_kwh,1주 전 같은시간 사용량,245.90051938207392,3476.16,up
2026-06-04 18:00:00,2026-06-04,18,3,school_same_hour_7d_mean_kwh,최근 7일 같은시간 평균,-68.59418144050392,3164.7085714285713,down
2026-06-04 18:00:00,2026-06-04,18,4,weather_temp_min_c,최저기온,-56.58352513943403,18.0,down
2026-06-04 18:00:00,2026-06-04,18,5,academic_days_to_final,기말까지 일수,55.745750858963,11.0,up
2026-06-04 19:00:00,2026-06-04,19,1,school_lag_24h_kwh,24시간 전 사용량,-398.54458105023383,2854.8,down
2026-06-04 19:00:00,2026-06-04,19,2,school_lag_168h_kwh,1주 전 같은시간 사용량,234.2810364252908,3279.6,up
2026-06-04 19:00:00,2026-06-04,19,3,school_same_hour_7d_mean_kwh,최근 7일 같은시간 평균,-93.28419284736084,3070.0799999999995,down
2026-06-04 19:00:00,2026-06-04,19,4,weather_temp_min_c,최저기온,-51.80355697048358,18.0,down
2026-06-04 19:00:00,2026-06-04,19,5,academic_days_to_final,기말까지 일수,49.21565413544116,11.0,up
2026-06-04 20:00:00,2026-06-04,20,1,school_lag_24h_kwh,24시간 전 사용량,-234.01175018623312,2880.72,down
2026-06-04 20:00:00,2026-06-04,20,2,school_lag_168h_kwh,1주 전 같은시간 사용량,-144.15587516440155,3055.68,down
2026-06-04 20:00:00,2026-06-04,20,3,school_same_hour_7d_mean_kwh,최근 7일 같은시간 평균,-83.81128880108966,2926.3885714285716,down
2026-06-04 20:00:00,2026-06-04,20,4,hour_cos,시간 주기(cos),-50.24782763303177,0.5000000000000001,down
2026-06-04 20:00:00,2026-06-04,20,5,weather_temp_mean_c,평균기온,-46.90679769123724,23.0,down
2026-06-04 21:00:00,2026-06-04,21,1,school_lag_168h_kwh,1주 전 같은시간 사용량,-244.09317933214874,2803.68,down
2026-06-04 21:00:00,2026-06-04,21,2,school_lag_24h_kwh,24시간 전 사용량,-211.24074193253816,2854.08,down
2026-06-04 21:00:00,2026-06-04,21,3,school_same_hour_7d_mean_kwh,최근 7일 같은시간 평균,-78.74447247707391,2749.0628571428574,down
2026-06-04 21:00:00,2026-06-04,21,4,hour_cos,시간 주기(cos),-52.60122143009652,0.7071067811865474,down
2026-06-04 21:00:00,2026-06-04,21,5,weather_temp_mean_c,평균기온,-52.34687795359268,23.0,down
2026-06-04 22:00:00,2026-06-04,22,1,school_lag_168h_kwh,1주 전 같은시간 사용량,-330.6738036123286,2625.12,down
2026-06-04 22:00:00,2026-06-04,22,2,school_lag_24h_kwh,24시간 전 사용량,-261.99518392156864,2655.36,down
2026-06-04 22:00:00,2026-06-04,22,3,school_same_hour_7d_mean_kwh,최근 7일 같은시간 평균,-122.76630691443036,2563.405714285714,down
2026-06-04 22:00:00,2026-06-04,22,4,hour_cos,시간 주기(cos),-51.33630558520073,0.8660254037844384,down
2026-06-04 22:00:00,2026-06-04,22,5,weather_temp_mean_c,평균기온,-40.15440249128328,23.0,down
2026-06-05 08:00:00,2026-06-05,8,1,school_lag_168h_kwh,1주 전 같은시간 사용량,-199.58771018280805,2880.72,down
2026-06-05 08:00:00,2026-06-05,8,2,school_same_hour_7d_mean_kwh,최근 7일 같은시간 평균,-96.32195980399447,2706.5828571428574,down
2026-06-05 08:00:00,2026-06-05,8,3,day_of_week,요일,-66.88698071230635,4.0,down
2026-06-05 08:00:00,2026-06-05,8,4,weather_temp_mean_c,평균기온,-63.54873478771013,23.0,down
2026-06-05 08:00:00,2026-06-05,8,5,weather_temp_max_c,최고기온,-47.387206349964174,27.0,down
2026-06-05 11:00:00,2026-06-05,11,1,school_lag_24h_kwh,24시간 전 사용량,622.4784244618189,4889.52,up
2026-06-05 11:00:00,2026-06-05,11,2,school_lag_168h_kwh,1주 전 같은시간 사용량,452.93813051510836,4004.64,up
2026-06-05 11:00:00,2026-06-05,11,3,day_of_week,요일,-85.21997909159246,4.0,down
2026-06-05 11:00:00,2026-06-05,11,4,dow_sin,요일 주기(sin),75.72627819709871,-0.433883739117558,up
2026-06-05 11:00:00,2026-06-05,11,5,weather_temp_mean_c,평균기온,-61.37000065391087,23.0,down
2026-06-10 08:00:00,2026-06-10,8,1,school_lag_168h_kwh,1주 전 같은시간 사용량,-383.1817654477517,2230.56,down
2026-06-10 08:00:00,2026-06-10,8,2,day_of_week,요일,111.19439088577859,2.0,up
2026-06-10 08:00:00,2026-06-10,8,3,school_same_hour_7d_mean_kwh,최근 7일 같은시간 평균,-92.11301989777185,2739.0857142857144,down
2026-06-10 08:00:00,2026-06-10,8,4,school_lag_24h_kwh,24시간 전 사용량,-55.48492009940757,2930.4,down
2026-06-10 08:00:00,2026-06-10,8,5,weather_temp_mean_c,평균기온,-48.48020577622847,22.0,down
2026-06-12 17:00:00,2026-06-12,17,1,school_lag_168h_kwh,1주 전 같은시간 사용량,367.3240369066357,3975.84,up
2026-06-12 17:00:00,2026-06-12,17,2,day_of_week,요일,-87.4017937425796,4.0,down
2026-06-12 17:00:00,2026-06-12,17,3,school_lag_24h_kwh,24시간 전 사용량,80.61230604713404,3951.36,up
2026-06-12 17:00:00,2026-06-12,17,4,weather_temp_mean_c,평균기온,-52.83273171884714,23.25,down
2026-06-12 17:00:00,2026-06-12,17,5,academic_days_to_final,기말까지 일수,52.27061745989993,3.0,up
2026-06-12 18:00:00,2026-06-12,18,1,school_lag_168h_kwh,1주 전 같은시간 사용량,223.26919502962429,3494.88,up
2026-06-12 18:00:00,2026-06-12,18,2,school_lag_24h_kwh,24시간 전 사용량,-144.65571680936935,3460.32,down
2026-06-12 18:00:00,2026-06-12,18,3,day_of_week,요일,-88.0218998593897,4.0,down
2026-06-12 18:00:00,2026-06-12,18,4,academic_days_to_final,기말까지 일수,64.53538452863336,3.0,up
2026-06-12 18:00:00,2026-06-12,18,5,weather_temp_mean_c,평균기온,-43.62204321851606,23.25,down
2026-06-13 19:00:00,2026-06-13,19,1,school_lag_168h_kwh,1주 전 같은시간 사용량,-317.852964425898,2644.56,down
2026-06-13 19:00:00,2026-06-13,19,2,day_of_week,요일,-165.16048053973952,5.0,down
2026-06-13 19:00:00,2026-06-13,19,3,dow_sin,요일 주기(sin),-154.1510114863761,-0.9749279121818236,down
2026-06-13 19:00:00,2026-06-13,19,4,school_lag_24h_kwh,24시간 전 사용량,93.02354663667846,3266.64,up
2026-06-13 19:00:00,2026-06-13,19,5,weather_temp_max_c,최고기온,-55.11504778112309,29.0,down
2026-06-13 20:00:00,2026-06-13,20,1,school_lag_168h_kwh,1주 전 같은시간 사용량,-344.2213912648699,2575.44,down
2026-06-13 20:00:00,2026-06-13,20,2,day_of_week,요일,-156.9102298621271,5.0,down
2026-06-13 20:00:00,2026-06-13,20,3,dow_sin,요일 주기(sin),-138.62191649329344,-0.9749279121818236,down
2026-06-13 20:00:00,2026-06-13,20,4,weather_temp_mean_c,평균기온,-50.38144185154223,23.5,down
2026-06-13 20:00:00,2026-06-13,20,5,weather_temp_max_c,최고기온,-41.2771008761935,29.0,down
2026-06-13 21:00:00,2026-06-13,21,1,school_lag_168h_kwh,1주 전 같은시간 사용량,-371.1149963932205,2478.96,down
2026-06-13 21:00:00,2026-06-13,21,2,day_of_week,요일,-135.1410693652995,5.0,down
2026-06-13 21:00:00,2026-06-13,21,3,dow_sin,요일 주기(sin),-121.7015369552512,-0.9749279121818236,down
2026-06-13 21:00:00,2026-06-13,21,4,school_lag_24h_kwh,24시간 전 사용량,-65.44833938061929,2870.64,down
2026-06-13 21:00:00,2026-06-13,21,5,school_same_hour_7d_mean_kwh,최근 7일 같은시간 평균,-55.02888592165606,2816.64,down
2026-06-15 08:00:00,2026-06-15,8,1,school_lag_24h_kwh,24시간 전 사용량,-443.39158296475176,2204.64,down
2026-06-15 08:00:00,2026-06-15,8,2,day_of_week,요일,287.20994358105935,0.0,up
2026-06-15 08:00:00,2026-06-15,8,3,school_same_hour_7d_mean_kwh,최근 7일 같은시간 평균,-117.4089299277011,2779.3028571428576,down
2026-06-15 08:00:00,2026-06-15,8,4,school_lag_168h_kwh,1주 전 같은시간 사용량,-112.15652056808628,3052.8,down
2026-06-15 08:00:00,2026-06-15,8,5,academic_days_to_final,기말까지 일수,65.85603101436114,0.0,up
2026-06-15 11:00:00,2026-06-15,11,1,day_of_week,요일,411.8863415644377,0.0,up
2026-06-15 11:00:00,2026-06-15,11,2,school_lag_168h_kwh,1주 전 같은시간 사용량,357.949251490822,4296.24,up
2026-06-15 11:00:00,2026-06-15,11,3,school_lag_24h_kwh,24시간 전 사용량,-323.7363989323832,2496.96,down
2026-06-15 11:00:00,2026-06-15,11,4,hour_cos,시간 주기(cos),183.83063751519038,-0.9659258262890682,up
2026-06-15 11:00:00,2026-06-15,11,5,weather_temp_mean_c,평균기온,-72.57285897678794,23.0,down
2026-06-15 12:00:00,2026-06-15,12,1,day_of_week,요일,397.42324922600557,0.0,up
2026-06-15 12:00:00,2026-06-15,12,2,school_lag_168h_kwh,1주 전 같은시간 사용량,381.10583716806093,4352.4,up
2026-06-15 12:00:00,2026-06-15,12,3,school_lag_24h_kwh,24시간 전 사용량,-281.9582946569889,2571.84,down
2026-06-15 12:00:00,2026-06-15,12,4,hour_cos,시간 주기(cos),151.60926260408874,-1.0,up
2026-06-15 12:00:00,2026-06-15,12,5,school_same_hour_7d_mean_kwh,최근 7일 같은시간 평균,81.1859425014979,3787.919999999999,up
2026-06-15 13:00:00,2026-06-15,13,1,day_of_week,요일,446.2721300164575,0.0,up
2026-06-15 13:00:00,2026-06-15,13,2,school_lag_168h_kwh,1주 전 같은시간 사용량,417.63778359375556,4713.84,up
2026-06-15 13:00:00,2026-06-15,13,3,school_same_hour_7d_mean_kwh,최근 7일 같은시간 평균,295.19679580366187,4076.5371428571425,up
2026-06-15 13:00:00,2026-06-15,13,4,school_lag_24h_kwh,24시간 전 사용량,-179.95806790603163,2762.64,down
2026-06-15 13:00:00,2026-06-15,13,5,hour_cos,시간 주기(cos),176.9693049945217,-0.9659258262890683,up
2026-06-15 14:00:00,2026-06-15,14,1,day_of_week,요일,441.3673761201633,0.0,up
2026-06-15 14:00:00,2026-06-15,14,2,school_lag_168h_kwh,1주 전 같은시간 사용량,415.19937879957143,4629.6,up
2026-06-15 14:00:00,2026-06-15,14,3,school_same_hour_7d_mean_kwh,최근 7일 같은시간 평균,296.56097380183024,4086.7200000000003,up
2026-06-15 14:00:00,2026-06-15,14,4,school_lag_24h_kwh,24시간 전 사용량,-179.84171731020479,2752.56,down
2026-06-15 14:00:00,2026-06-15,14,5,hour_cos,시간 주기(cos),167.40599476167534,-0.8660254037844388,up
2026-06-16 13:00:00,2026-06-16,13,1,school_lag_24h_kwh,24시간 전 사용량,732.826947845901,5142.24,up
2026-06-16 13:00:00,2026-06-16,13,2,school_lag_168h_kwh,1주 전 같은시간 사용량,425.16674885877194,4419.36,up
2026-06-16 13:00:00,2026-06-16,13,3,day_of_week,요일,138.71118578005098,1.0,up
2026-06-16 13:00:00,2026-06-16,13,4,hour_cos,시간 주기(cos),117.42764982838814,-0.9659258262890683,up
2026-06-16 13:00:00,2026-06-16,13,5,school_same_hour_7d_mean_kwh,최근 7일 같은시간 평균,114.95394499401499,4137.737142857143,up
2026-06-16 14:00:00,2026-06-16,14,1,school_lag_24h_kwh,24시간 전 사용량,634.4068021982607,5069.52,up
2026-06-16 14:00:00,2026-06-16,14,2,school_lag_168h_kwh,1주 전 같은시간 사용량,405.68184562443366,4496.4,up
2026-06-16 14:00:00,2026-06-16,14,3,day_of_week,요일,132.76507622169197,1.0,up
2026-06-16 14:00:00,2026-06-16,14,4,school_same_hour_7d_mean_kwh,최근 7일 같은시간 평균,114.60667696725886,4149.565714285714,up
2026-06-16 14:00:00,2026-06-16,14,5,hour_cos,시간 주기(cos),108.28243964935794,-0.8660254037844388,up
2026-06-16 15:00:00,2026-06-16,15,1,school_lag_24h_kwh,24시간 전 사용량,638.9988621555704,4957.2,up
2026-06-16 15:00:00,2026-06-16,15,2,school_lag_168h_kwh,1주 전 같은시간 사용량,405.758373605881,4448.16,up
2026-06-16 15:00:00,2026-06-16,15,3,day_of_week,요일,130.54398888921526,1.0,up
2026-06-16 15:00:00,2026-06-16,15,4,school_same_hour_7d_mean_kwh,최근 7일 같은시간 평균,113.71027732298282,4174.56,up
2026-06-16 15:00:00,2026-06-16,15,5,hour_cos,시간 주기(cos),107.0684921956395,-0.7071067811865479,up
2026-06-16 16:00:00,2026-06-16,16,1,school_lag_168h_kwh,1주 전 같은시간 사용량,376.06146923944766,4182.48,up
2026-06-16 16:00:00,2026-06-16,16,2,school_lag_24h_kwh,24시간 전 사용량,337.8796602488249,4592.16,up
2026-06-16 16:00:00,2026-06-16,16,3,day_of_week,요일,129.68524882659239,1.0,up
2026-06-16 16:00:00,2026-06-16,16,4,school_same_hour_7d_mean_kwh,최근 7일 같은시간 평균,100.55773372045206,3977.4857142857145,up
2026-06-16 16:00:00,2026-06-16,16,5,dow_sin,요일 주기(sin),82.38554236412133,0.7818314824680298,up
2026-06-16 17:00:00,2026-06-16,17,1,school_lag_168h_kwh,1주 전 같은시간 사용량,308.76032423937045,3918.24,up
2026-06-16 17:00:00,2026-06-16,17,2,school_lag_24h_kwh,24시간 전 사용량,176.41718125660978,4196.16,up
2026-06-16 17:00:00,2026-06-16,17,3,day_of_week,요일,111.00353305836325,1.0,up
2026-06-16 17:00:00,2026-06-16,17,4,dow_sin,요일 주기(sin),61.116378303493185,0.7818314824680298,up
2026-06-16 17:00:00,2026-06-16,17,5,weather_temp_mean_c,평균기온,-36.82118482300566,23.5,down
2026-06-16 19:00:00,2026-06-16,19,1,school_lag_168h_kwh,1주 전 같은시간 사용량,181.05068935651943,3386.16,up
2026-06-16 19:00:00,2026-06-16,19,2,day_of_week,요일,113.49298006128214,1.0,up
2026-06-16 19:00:00,2026-06-16,19,3,school_lag_24h_kwh,24시간 전 사용량,-108.54081214639582,3506.4,down
2026-06-16 19:00:00,2026-06-16,19,4,school_same_hour_7d_mean_kwh,최근 7일 같은시간 평균,-77.84742552106614,3229.817142857143,down
2026-06-16 19:00:00,2026-06-16,19,5,hour_cos,시간 주기(cos),-58.96980856203904,0.2588190451025203,down
2026-06-16 20:00:00,2026-06-16,20,1,school_lag_24h_kwh,24시간 전 사용량,-197.73499635276775,3303.36,down
2026-06-16 20:00:00,2026-06-16,20,2,school_same_hour_7d_mean_kwh,최근 7일 같은시간 평균,-178.51542719030496,3097.1314285714284,down
2026-06-16 20:00:00,2026-06-16,20,3,school_lag_168h_kwh,1주 전 같은시간 사용량,161.15474388238712,3245.76,up
2026-06-16 20:00:00,2026-06-16,20,4,day_of_week,요일,85.7223314159347,1.0,up
2026-06-16 20:00:00,2026-06-16,20,5,hour_cos,시간 주기(cos),-72.9272204516381,0.5000000000000001,down
2026-06-17 11:00:00,2026-06-17,11,1,school_lag_24h_kwh,24시간 전 사용량,450.98260961789805,4680.72,up
2026-06-17 11:00:00,2026-06-17,11,2,school_lag_168h_kwh,1주 전 같은시간 사용량,402.5247805871807,4283.28,up
2026-06-17 11:00:00,2026-06-17,11,3,hour_cos,시간 주기(cos),114.44217153080817,-0.9659258262890682,up
2026-06-17 11:00:00,2026-06-17,11,4,day_of_week,요일,98.75609735398878,2.0,up
2026-06-17 11:00:00,2026-06-17,11,5,dow_sin,요일 주기(sin),84.82262408875808,0.9749279121818236,up
2026-06-17 13:00:00,2026-06-17,13,1,school_lag_24h_kwh,24시간 전 사용량,855.2862702992423,5251.68,up
2026-06-17 13:00:00,2026-06-17,13,2,school_lag_168h_kwh,1주 전 같은시간 사용량,452.3260235390143,4542.48,up
2026-06-17 13:00:00,2026-06-17,13,3,dow_sin,요일 주기(sin),118.3418942188232,0.9749279121818236,up
2026-06-17 13:00:00,2026-06-17,13,4,school_same_hour_7d_mean_kwh,최근 7일 같은시간 평균,106.97568286284316,4256.64,up
2026-06-17 13:00:00,2026-06-17,13,5,hour_cos,시간 주기(cos),105.64728822755808,-0.9659258262890683,up
2026-06-17 15:00:00,2026-06-17,15,1,school_lag_24h_kwh,24시간 전 사용량,857.0473070258552,5263.92,up
2026-06-17 15:00:00,2026-06-17,15,2,school_lag_168h_kwh,1주 전 같은시간 사용량,453.3385959289307,4595.04,up
2026-06-17 15:00:00,2026-06-17,15,3,dow_sin,요일 주기(sin),117.78261420605479,0.9749279121818236,up
2026-06-17 15:00:00,2026-06-17,15,4,school_same_hour_7d_mean_kwh,최근 7일 같은시간 평균,107.78658845540329,4291.097142857143,up
2026-06-17 15:00:00,2026-06-17,15,5,hour_cos,시간 주기(cos),101.93786511165297,-0.7071067811865479,up
2026-06-17 17:00:00,2026-06-17,17,1,school_lag_24h_kwh,24시간 전 사용량,403.4913923268058,4490.64,up
2026-06-17 17:00:00,2026-06-17,17,2,school_lag_168h_kwh,1주 전 같은시간 사용량,386.0271562539547,4018.32,up
2026-06-17 17:00:00,2026-06-17,17,3,day_of_week,요일,76.43443021287479,2.0,up
2026-06-17 17:00:00,2026-06-17,17,4,dow_sin,요일 주기(sin),70.0442218014749,0.9749279121818236,up
2026-06-17 17:00:00,2026-06-17,17,5,school_same_hour_7d_mean_kwh,최근 7일 같은시간 평균,53.187504424118764,3807.565714285714,up
2026-06-17 23:00:00,2026-06-17,23,1,school_lag_168h_kwh,1주 전 같은시간 사용량,-313.4426585614446,2594.88,down
2026-06-17 23:00:00,2026-06-17,23,2,school_lag_24h_kwh,24시간 전 사용량,-243.090689035094,2697.84,down
2026-06-17 23:00:00,2026-06-17,23,3,school_same_hour_7d_mean_kwh,최근 7일 같은시간 평균,-133.29826928484493,2580.9942857142855,down
2026-06-17 23:00:00,2026-06-17,23,4,hour_cos,시간 주기(cos),-64.4571842048958,0.9659258262890681,down
2026-06-17 23:00:00,2026-06-17,23,5,day_of_week,요일,47.76870940328693,2.0,up
2026-06-18 07:00:00,2026-06-18,7,1,school_lag_168h_kwh,1주 전 같은시간 사용량,-339.8326115431359,2503.44,down
2026-06-18 07:00:00,2026-06-18,7,2,school_lag_24h_kwh,24시간 전 사용량,-166.96004555405926,2728.08,down
2026-06-18 07:00:00,2026-06-18,7,3,school_same_hour_7d_mean_kwh,최근 7일 같은시간 평균,-147.90609285267905,2503.4399999999996,down
2026-06-18 07:00:00,2026-06-18,7,4,day_of_week,요일,54.62674690116546,3.0,up
2026-06-18 07:00:00,2026-06-18,7,5,hour_cos,시간 주기(cos),-43.51755042403435,-0.25881904510252063,down
2026-06-18 08:00:00,2026-06-18,8,1,school_lag_168h_kwh,1주 전 같은시간 사용량,-133.54901977309186,2974.32,down
2026-06-18 08:00:00,2026-06-18,8,2,school_same_hour_7d_mean_kwh,최근 7일 같은시간 평균,-106.03868536243827,2879.074285714286,down
2026-06-18 08:00:00,2026-06-18,8,3,day_of_week,요일,81.75418829322587,3.0,up
2026-06-18 08:00:00,2026-06-18,8,4,dow_sin,요일 주기(sin),52.89564560919766,0.43388373911755823,up
2026-06-18 08:00:00,2026-06-18,8,5,weather_wind_mean_mps,평균풍속,38.20162344889502,0.975,up
2026-06-18 09:00:00,2026-06-18,9,1,school_lag_168h_kwh,1주 전 같은시간 사용량,256.37697528398627,3663.36,up
2026-06-18 09:00:00,2026-06-18,9,2,school_lag_24h_kwh,24시간 전 사용량,140.68118673208966,4111.2,up
2026-06-18 09:00:00,2026-06-18,9,3,day_of_week,요일,87.99104633806311,3.0,up
2026-06-18 09:00:00,2026-06-18,9,4,hour_cos,시간 주기(cos),69.40058802386281,-0.7071067811865475,up
2026-06-18 09:00:00,2026-06-18,9,5,dow_sin,요일 주기(sin),62.79417104837126,0.43388373911755823,up
2026-06-18 10:00:00,2026-06-18,10,1,school_lag_168h_kwh,1주 전 같은시간 사용량,327.91265519291727,3892.32,up
2026-06-18 10:00:00,2026-06-18,10,2,school_lag_24h_kwh,24시간 전 사용량,309.11178980175407,4354.56,up
2026-06-18 10:00:00,2026-06-18,10,3,hour_cos,시간 주기(cos),122.03913088567141,-0.8660254037844387,up
2026-06-18 10:00:00,2026-06-18,10,4,day_of_week,요일,86.25105722444323,3.0,up
2026-06-18 10:00:00,2026-06-18,10,5,dow_sin,요일 주기(sin),73.75711276753623,0.43388373911755823,up
2026-06-18 11:00:00,2026-06-18,11,1,school_lag_24h_kwh,24시간 전 사용량,570.203249345636,4800.24,up
2026-06-18 11:00:00,2026-06-18,11,2,school_lag_168h_kwh,1주 전 같은시간 사용량,400.7654285778262,4191.12,up
2026-06-18 11:00:00,2026-06-18,11,3,hour_cos,시간 주기(cos),128.93333884430965,-0.9659258262890682,up
2026-06-18 11:00:00,2026-06-18,11,4,dow_sin,요일 주기(sin),98.35591694547915,0.43388373911755823,up
2026-06-18 11:00:00,2026-06-18,11,5,day_of_week,요일,92.34035824956521,3.0,up
2026-06-18 13:00:00,2026-06-18,13,1,school_lag_24h_kwh,24시간 전 사용량,837.3946319997773,5268.96,up
2026-06-18 13:00:00,2026-06-18,13,2,school_lag_168h_kwh,1주 전 같은시간 사용량,449.7646290919587,4595.76,up
2026-06-18 13:00:00,2026-06-18,13,3,dow_sin,요일 주기(sin),117.45414215214156,0.43388373911755823,up
2026-06-18 13:00:00,2026-06-18,13,4,school_same_hour_7d_mean_kwh,최근 7일 같은시간 평균,114.04600895733554,4360.422857142857,up
2026-06-18 13:00:00,2026-06-18,13,5,hour_cos,시간 주기(cos),110.08673755520437,-0.9659258262890683,up
2026-06-18 14:00:00,2026-06-18,14,1,school_lag_24h_kwh,24시간 전 사용량,772.5976846343267,5148.0,up
2026-06-18 14:00:00,2026-06-18,14,2,school_lag_168h_kwh,1주 전 같은시간 사용량,440.36082929455284,4613.76,up
2026-06-18 14:00:00,2026-06-18,14,3,dow_sin,요일 주기(sin),110.13042509696184,0.43388373911755823,up
2026-06-18 14:00:00,2026-06-18,14,4,hour_cos,시간 주기(cos),109.94649878773772,-0.8660254037844388,up
2026-06-18 14:00:00,2026-06-18,14,5,school_same_hour_7d_mean_kwh,최근 7일 같은시간 평균,106.91976303339148,4345.097142857144,up
2026-06-18 15:00:00,2026-06-18,15,1,school_lag_24h_kwh,24시간 전 사용량,841.1064695675641,5260.32,up
2026-06-18 15:00:00,2026-06-18,15,2,school_lag_168h_kwh,1주 전 같은시간 사용량,449.572148113233,4590.0,up
2026-06-18 15:00:00,2026-06-18,15,3,school_same_hour_7d_mean_kwh,최근 7일 같은시간 평균,121.27636910477942,4386.137142857143,up
2026-06-18 15:00:00,2026-06-18,15,4,dow_sin,요일 주기(sin),116.84748004824587,0.43388373911755823,up
2026-06-18 15:00:00,2026-06-18,15,5,hour_cos,시간 주기(cos),98.52615423368208,-0.7071067811865479,up
2026-06-18 16:00:00,2026-06-18,16,1,school_lag_24h_kwh,24시간 전 사용량,600.5937633857917,4874.4,up
2026-06-18 16:00:00,2026-06-18,16,2,school_lag_168h_kwh,1주 전 같은시간 사용량,433.9738933611147,4369.68,up
2026-06-18 16:00:00,2026-06-18,16,3,school_same_hour_7d_mean_kwh,최근 7일 같은시간 평균,99.25792848185884,4146.994285714286,up
2026-06-18 16:00:00,2026-06-18,16,4,dow_sin,요일 주기(sin),96.01497270418872,0.43388373911755823,up
2026-06-18 16:00:00,2026-06-18,16,5,day_of_week,요일,73.79934972607347,3.0,up
2026-06-18 17:00:00,2026-06-18,17,1,school_lag_24h_kwh,24시간 전 사용량,389.6812808086046,4520.88,up
2026-06-18 17:00:00,2026-06-18,17,2,school_lag_168h_kwh,1주 전 같은시간 사용량,380.8002022454477,3951.36,up
2026-06-18 17:00:00,2026-06-18,17,3,dow_sin,요일 주기(sin),69.68507687714185,0.43388373911755823,up
2026-06-18 17:00:00,2026-06-18,17,4,school_same_hour_7d_mean_kwh,최근 7일 같은시간 평균,66.16342139111175,3879.36,up
2026-06-18 17:00:00,2026-06-18,17,5,day_of_week,요일,59.149570787583286,3.0,up
2026-06-19 07:00:00,2026-06-19,7,1,school_lag_168h_kwh,1주 전 같은시간 사용량,-322.638257355121,2527.92,down
2026-06-19 07:00:00,2026-06-19,7,2,school_same_hour_7d_mean_kwh,최근 7일 같은시간 평균,-110.7437421284546,2568.7542857142857,down
2026-06-19 07:00:00,2026-06-19,7,3,school_lag_24h_kwh,24시간 전 사용량,-97.89412228235192,2960.64,down
2026-06-19 07:00:00,2026-06-19,7,4,day_of_week,요일,-59.49912116923738,4.0,down
2026-06-19 07:00:00,2026-06-19,7,5,weather_temp_mean_c,평균기온,-46.51072677784981,25.75,down
2026-06-19 08:00:00,2026-06-19,8,1,school_lag_168h_kwh,1주 전 같은시간 사용량,-208.11049905832766,2941.2,down
2026-06-19 08:00:00,2026-06-19,8,2,school_lag_24h_kwh,24시간 전 사용량,123.97318879698398,3535.92,up
2026-06-19 08:00:00,2026-06-19,8,3,school_same_hour_7d_mean_kwh,최근 7일 같은시간 평균,-68.20565036485483,2959.302857142857,down
2026-06-19 08:00:00,2026-06-19,8,4,day_of_week,요일,-62.07930380633357,4.0,down
2026-06-19 08:00:00,2026-06-19,8,5,weather_temp_mean_c,평균기온,-53.922131478747716,25.75,down
2026-06-19 09:00:00,2026-06-19,9,1,school_lag_168h_kwh,1주 전 같은시간 사용량,358.1887950221898,3647.52,up
2026-06-19 09:00:00,2026-06-19,9,2,school_lag_24h_kwh,24시간 전 사용량,348.04812267513955,4429.44,up
2026-06-19 09:00:00,2026-06-19,9,3,day_of_week,요일,-70.4023718736843,4.0,down
2026-06-19 09:00:00,2026-06-19,9,4,dow_sin,요일 주기(sin),54.911052120593475,-0.433883739117558,up
2026-06-19 09:00:00,2026-06-19,9,5,hour_cos,시간 주기(cos),54.50365426716095,-0.7071067811865475,up
2026-06-19 10:00:00,2026-06-19,10,1,school_lag_24h_kwh,24시간 전 사용량,469.47096259061277,4637.52,up
2026-06-19 10:00:00,2026-06-19,10,2,school_lag_168h_kwh,1주 전 같은시간 사용량,447.2375163692111,3838.32,up
2026-06-19 10:00:00,2026-06-19,10,3,day_of_week,요일,-79.48988064036455,4.0,down
2026-06-19 10:00:00,2026-06-19,10,4,hour_cos,시간 주기(cos),71.3470625176497,-0.8660254037844387,up
2026-06-19 10:00:00,2026-06-19,10,5,dow_sin,요일 주기(sin),64.28547427835048,-0.433883739117558,up
2026-06-19 11:00:00,2026-06-19,11,1,school_lag_24h_kwh,24시간 전 사용량,740.453716483579,4946.4,up
2026-06-19 11:00:00,2026-06-19,11,2,school_lag_168h_kwh,1주 전 같은시간 사용량,489.65926698143596,4116.24,up
2026-06-19 11:00:00,2026-06-19,11,3,school_same_hour_7d_mean_kwh,최근 7일 같은시간 평균,96.43263127748189,4082.5028571428566,up
2026-06-19 11:00:00,2026-06-19,11,4,hour_cos,시간 주기(cos),81.21751162216451,-0.9659258262890682,up
2026-06-19 11:00:00,2026-06-19,11,5,dow_sin,요일 주기(sin),76.50134991298785,-0.433883739117558,up
2026-06-19 12:00:00,2026-06-19,12,1,school_lag_24h_kwh,24시간 전 사용량,646.2418739822571,4905.36,up
2026-06-19 12:00:00,2026-06-19,12,2,school_lag_168h_kwh,1주 전 같은시간 사용량,481.3580971587549,4094.64,up
2026-06-19 12:00:00,2026-06-19,12,3,school_same_hour_7d_mean_kwh,최근 7일 같은시간 평균,96.87225048193525,4131.154285714286,up
2026-06-19 12:00:00,2026-06-19,12,4,dow_sin,요일 주기(sin),73.0322672458915,-0.433883739117558,up
2026-06-19 12:00:00,2026-06-19,12,5,day_of_week,요일,-72.59352105791191,4.0,down
2026-06-19 13:00:00,2026-06-19,13,1,school_lag_24h_kwh,24시간 전 사용량,900.5669108283295,5282.64,up
2026-06-19 13:00:00,2026-06-19,13,2,school_lag_168h_kwh,1주 전 같은시간 사용량,516.0854981332329,4496.4,up
2026-06-19 13:00:00,2026-06-19,13,3,school_same_hour_7d_mean_kwh,최근 7일 같은시간 평균,95.693296289306,4458.5485714285705,up
2026-06-19 13:00:00,2026-06-19,13,4,dow_sin,요일 주기(sin),91.22205107428246,-0.433883739117558,up
2026-06-19 13:00:00,2026-06-19,13,5,day_of_week,요일,-76.59573413133327,4.0,down
