date,weather_source,temp_mean_c,temp_min_c,temp_max_c,humidity_mean_pct,rainfall_mm,wind_mean_mps,cdd_18,hdd_18,is_rainy
2025-07-01,actual,30.7,25.7,35.7,63.9,-9.0,1.6,12.7,0.0,0
2025-07-02,actual,31.4,26.9,36.4,63.4,-9.0,1.6,13.399999999999999,0.0,0
2025-07-03,actual,31.2,27.1,36.0,62.6,-9.0,1.6,13.2,0.0,0
2025-07-04,actual,30.2,25.7,35.5,56.1,-9.0,2.1,12.2,0.0,0
2025-07-05,actual,30.6,25.5,36.4,59.0,-9.0,2.1,12.600000000000001,0.0,0
2025-07-06,actual,30.6,26.6,34.9,59.6,-9.0,2.4,12.600000000000001,0.0,0
2025-07-07,actual,31.5,26.4,37.4,58.1,-9.0,2.0,13.5,0.0,0
2025-07-08,actual,28.5,25.5,32.3,66.0,-9.0,3.5,10.5,0.0,0
2025-07-09,actual,28.1,23.7,33.6,55.6,-9.0,3.2,10.100000000000001,0.0,0
2025-07-10,actual,26.6,23.6,31.3,63.4,-9.0,3.7,8.600000000000001,0.0,0
2025-07-11,actual,26.2,22.9,30.6,60.0,-9.0,4.2,8.2,0.0,0
2025-07-12,actual,26.2,21.8,31.8,60.4,-9.0,2.7,8.2,0.0,0
2025-07-13,actual,25.3,20.1,32.5,71.3,33.3,2.4,7.300000000000001,0.0,1
2025-07-14,actual,24.2,20.2,31.2,75.9,16.7,2.4,6.199999999999999,0.0,1
2025-07-15,actual,23.3,20.0,28.0,82.1,0.3,1.4,5.300000000000001,0.0,1
2025-07-16,actual,23.0,21.1,26.4,88.5,7.4,1.2,5.0,0.0,1
2025-07-17,actual,22.5,21.3,24.4,92.3,102.3,2.3,4.5,0.0,1
2025-07-18,actual,24.8,21.3,31.6,86.5,14.3,1.4,6.800000000000001,0.0,1
2025-07-19,actual,21.9,21.1,23.3,95.1,68.1,2.1,3.8999999999999986,0.0,1
2025-07-20,actual,26.5,21.5,32.1,79.9,-9.0,0.9,8.5,0.0,0
2025-07-21,actual,26.8,23.4,30.8,82.9,5.6,0.9,8.8,0.0,1
2025-07-22,actual,29.5,25.0,34.2,69.5,-9.0,0.8,11.5,0.0,0
2025-07-23,actual,29.9,24.8,35.3,68.1,-9.0,0.8,11.899999999999999,0.0,0
2025-07-24,actual,29.9,24.9,35.3,64.6,-9.0,1.2,11.899999999999999,0.0,0
2025-07-25,actual,29.3,23.4,35.2,63.4,-9.0,1.7,11.3,0.0,0
2025-07-26,actual,29.3,23.8,34.5,66.4,-9.0,1.4,11.3,0.0,0
2025-07-27,actual,29.8,24.4,36.0,63.5,-9.0,1.3,11.8,0.0,0
2025-07-28,actual,30.4,23.9,36.8,61.9,-9.0,1.2,12.399999999999999,0.0,0
2025-07-29,actual,30.1,24.4,35.9,60.5,-9.0,1.8,12.100000000000001,0.0,0
2025-07-30,actual,29.2,22.9,35.2,63.5,-9.0,1.9,11.2,0.0,0
2025-07-31,actual,29.9,24.6,35.9,62.4,-9.0,1.7,11.899999999999999,0.0,0
2025-08-01,actual,30.4,23.6,37.2,59.4,-9.0,1.4,12.399999999999999,0.0,0
2025-08-02,actual,30.9,25.2,37.3,63.3,-9.0,1.5,12.899999999999999,0.0,0
2025-08-03,actual,28.9,24.3,33.1,75.3,24.5,1.4,10.899999999999999,0.0,1
2025-08-04,actual,28.2,24.8,33.3,83.1,91.0,1.2,10.2,0.0,1
2025-08-05,actual,29.7,25.9,35.1,76.0,1.0,1.1,11.7,0.0,1
2025-08-06,actual,28.5,23.5,32.5,77.1,17.0,1.6,10.5,0.0,1
2025-08-07,actual,27.4,23.3,32.0,74.3,0.3,1.2,9.399999999999999,0.0,1
2025-08-08,actual,26.9,22.7,31.2,69.6,-9.0,1.0,8.899999999999999,0.0,0
2025-08-09,actual,24.5,22.5,27.3,82.5,1.1,0.9,6.5,0.0,1
2025-08-10,actual,25.2,21.2,29.5,74.4,13.9,1.6,7.199999999999999,0.0,1
2025-08-11,actual,24.4,20.5,29.9,76.9,0.4,1.6,6.399999999999999,0.0,1
2025-08-12,actual,22.8,20.2,24.4,90.5,5.9,1.6,4.800000000000001,0.0,1
2025-08-13,actual,27.5,23.3,32.1,78.4,-9.0,0.9,9.5,0.0,0
2025-08-14,actual,29.8,24.1,35.0,66.8,-9.0,1.5,11.8,0.0,0
2025-08-15,actual,29.5,24.8,34.6,69.1,-9.0,1.2,11.5,0.0,0
2025-08-16,actual,29.7,25.5,34.6,68.1,-9.0,1.1,11.7,0.0,0
2025-08-17,actual,28.8,23.9,34.0,66.6,-9.0,1.5,10.8,0.0,0
2025-08-18,actual,29.5,24.9,34.8,65.1,-9.0,1.1,11.5,0.0,0
2025-08-19,actual,30.8,26.9,34.7,63.1,-9.0,1.5,12.8,0.0,0
2025-08-20,actual,30.4,26.5,35.7,64.8,-9.0,1.5,12.399999999999999,0.0,0
2025-08-21,actual,30.1,26.5,35.5,65.3,-9.0,1.3,12.100000000000001,0.0,0
2025-08-22,actual,30.0,25.1,36.3,67.9,-9.0,1.3,12.0,0.0,0
2025-08-23,actual,30.8,25.4,37.2,60.0,-9.0,1.3,12.8,0.0,0
2025-08-24,actual,31.0,25.8,35.6,63.3,-9.0,0.9,13.0,0.0,0
2025-08-25,actual,30.8,26.8,36.9,65.6,-9.0,1.6,12.8,0.0,0
2025-08-26,actual,28.9,26.2,34.3,65.8,0.0,2.0,10.899999999999999,0.0,0
2025-08-27,actual,28.3,23.4,35.6,65.8,-9.0,1.9,10.3,0.0,0
2025-08-28,actual,28.3,24.0,34.9,66.5,-9.0,1.7,10.3,0.0,0
2025-08-29,actual,30.6,25.6,36.3,61.4,-9.0,1.4,12.600000000000001,0.0,0
2025-08-30,actual,31.0,25.2,36.7,55.5,-9.0,1.0,13.0,0.0,0
2025-08-31,actual,27.8,25.1,33.8,75.5,2.9,1.1,9.8,0.0,1
2025-09-01,actual,27.9,24.6,32.5,76.4,11.7,1.3,9.899999999999999,0.0,1
2025-09-02,actual,27.4,24.8,31.4,72.8,0.0,1.4,9.399999999999999,0.0,0
2025-09-03,actual,27.0,23.2,32.2,71.4,-9.0,2.5,9.0,0.0,0
2025-09-04,actual,27.5,23.9,33.0,73.3,0.4,2.4,9.5,0.0,1
2025-09-05,actual,27.4,23.3,33.6,71.6,12.6,1.5,9.399999999999999,0.0,1
2025-09-06,actual,28.4,23.0,34.1,70.3,0.0,1.5,10.399999999999999,0.0,0
2025-09-07,actual,26.7,24.7,29.1,81.6,5.5,1.6,8.7,0.0,1
2025-09-08,actual,23.5,19.1,27.9,71.6,8.1,1.4,5.5,0.0,1
2025-09-09,actual,19.6,18.0,21.6,91.9,61.8,0.9,1.6000000000000014,0.0,1
2025-09-10,actual,22.2,19.6,26.3,85.6,13.1,0.9,4.199999999999999,0.0,1
2025-09-11,actual,23.2,18.2,28.2,73.9,-9.0,1.9,5.199999999999999,0.0,0
2025-09-12,actual,23.3,21.4,26.4,82.0,0.5,1.9,5.300000000000001,0.0,1
2025-09-13,actual,25.0,22.1,31.6,82.4,10.0,2.4,7.0,0.0,1
2025-09-14,actual,24.0,20.6,28.7,78.4,1.7,1.8,6.0,0.0,1
2025-09-15,actual,25.9,22.1,29.7,76.6,0.0,0.9,7.899999999999999,0.0,0
2025-09-16,actual,27.5,22.9,34.0,74.9,-9.0,1.1,9.5,0.0,0
2025-09-17,actual,25.8,23.4,33.4,80.6,6.6,1.3,7.800000000000001,0.0,1
2025-09-18,actual,21.9,19.9,23.8,71.6,-9.0,3.1,3.8999999999999986,0.0,0
2025-09-19,actual,21.6,19.8,24.4,67.5,-9.0,2.7,3.6000000000000014,0.0,0
2025-09-20,actual,21.7,18.7,27.0,78.4,8.9,2.1,3.6999999999999993,0.0,1
2025-09-21,actual,20.5,17.0,25.6,73.1,-9.0,2.4,2.5,0.0,0
2025-09-22,actual,20.0,16.0,24.8,70.3,-9.0,2.3,2.0,0.0,0
2025-09-23,actual,21.2,16.9,25.9,65.8,0.0,2.5,3.1999999999999993,0.0,0
2025-09-24,actual,23.9,20.6,27.9,75.8,-9.0,1.1,5.899999999999999,0.0,0
2025-09-25,actual,23.9,22.8,26.4,86.5,8.1,1.0,5.899999999999999,0.0,1
2025-09-26,actual,23.0,19.8,28.1,68.5,-9.0,1.5,5.0,0.0,0
2025-09-27,actual,22.9,18.9,27.5,70.4,-9.0,2.4,4.899999999999999,0.0,0
2025-09-28,actual,21.7,20.4,25.0,83.4,1.8,1.7,3.6999999999999993,0.0,1
2025-09-29,actual,22.0,18.6,27.1,65.5,-9.0,2.3,4.0,0.0,0
2025-09-30,actual,20.6,15.8,26.4,74.9,-9.0,1.2,2.6000000000000014,0.0,0
2025-10-01,actual,21.5,16.7,27.7,65.9,-9.0,1.3,3.5,0.0,0
2025-10-02,actual,20.7,16.8,25.0,73.1,-9.0,1.3,2.6999999999999993,0.0,0
2025-10-03,actual,19.2,18.8,20.7,93.4,15.9,1.6,1.1999999999999993,0.0,1
2025-10-04,actual,21.1,19.0,24.1,86.8,1.6,1.8,3.1000000000000014,0.0,1
2025-10-05,actual,22.2,19.9,26.5,83.3,0.2,1.6,4.199999999999999,0.0,1
2025-10-06,actual,19.9,18.7,20.5,92.9,3.2,2.3,1.8999999999999986,0.0,1
2025-10-07,actual,20.7,18.6,22.2,90.1,8.5,1.9,2.6999999999999993,0.0,1
2025-10-08,actual,21.6,20.0,24.4,81.5,-9.0,1.8,3.6000000000000014,0.0,0
2025-10-09,actual,20.0,17.5,23.5,71.3,0.0,2.5,2.0,0.0,0
2025-10-10,actual,20.8,16.9,25.3,71.5,0.0,2.0,2.8000000000000007,0.0,0
2025-10-11,actual,22.9,17.5,29.8,70.8,-9.0,1.0,4.899999999999999,0.0,0
2025-10-12,actual,19.3,17.5,23.7,88.6,3.2,2.3,1.3000000000000007,0.0,1
2025-10-13,actual,18.3,16.3,19.7,88.9,2.2,2.6,0.3000000000000007,0.0,1
2025-10-14,actual,18.1,16.4,19.6,92.4,50.0,1.5,0.10000000000000142,0.0,1
2025-10-15,actual,19.5,15.2,23.0,82.3,0.0,2.1,1.5,0.0,0
2025-10-16,actual,19.6,17.5,23.7,86.4,11.8,1.8,1.6000000000000014,0.0,1
2025-10-17,actual,19.6,16.0,23.4,77.5,0.3,2.0,1.6000000000000014,0.0,1
2025-10-18,actual,18.5,16.8,20.4,87.1,2.7,1.9,0.5,0.0,1
2025-10-19,actual,17.7,15.5,20.4,76.5,-9.0,1.9,0.0,0.3000000000000007,0
2025-10-20,actual,14.7,12.1,19.1,68.3,-9.0,2.5,0.0,3.3000000000000007,0
2025-10-21,actual,14.9,11.9,18.1,77.0,-9.0,1.3,0.0,3.0999999999999996,0
2025-10-22,actual,14.9,12.5,17.8,81.1,0.0,1.7,0.0,3.0999999999999996,0
2025-10-23,actual,15.5,12.2,20.8,79.5,-9.0,1.5,0.0,2.5,0
2025-10-24,actual,15.2,11.2,19.3,80.3,-9.0,1.9,0.0,2.8000000000000007,0
2025-10-25,actual,16.7,13.0,22.2,73.9,-9.0,1.1,0.0,1.3000000000000007,0
2025-10-26,actual,15.7,12.0,19.5,55.3,0.0,2.8,0.0,2.3000000000000007,0
2025-10-27,actual,11.2,8.0,13.8,43.0,-9.0,3.4,0.0,6.800000000000001,0
2025-10-28,actual,8.8,3.4,14.8,50.4,-9.0,1.8,0.0,9.2,0
2025-10-29,actual,9.1,1.9,17.1,64.1,-9.0,1.3,0.0,8.9,0
2025-10-30,actual,10.4,4.1,17.5,73.6,-9.0,1.0,0.0,7.6,0
2025-10-31,actual,11.7,6.4,19.6,76.5,-9.0,1.1,0.0,6.300000000000001,0
2025-11-01,actual,13.6,9.2,19.1,62.6,0.4,2.7,0.0,4.4,1
2025-11-02,actual,11.9,7.5,17.2,53.0,0.4,3.6,0.0,6.1,1
2025-11-03,actual,9.2,2.9,15.4,57.5,-9.0,2.1,0.0,8.8,0
2025-11-04,actual,10.9,4.7,19.4,73.5,-9.0,0.9,0.0,7.1,0
2025-11-05,actual,11.8,5.4,20.2,74.5,-9.0,0.8,0.0,6.199999999999999,0
2025-11-06,actual,12.8,6.7,21.2,74.8,-9.0,1.1,0.0,5.199999999999999,0
2025-11-07,actual,13.1,7.7,20.6,74.9,-9.0,1.7,0.0,4.9,0
2025-11-08,actual,12.9,7.8,18.3,81.6,3.9,1.0,0.0,5.1,1
2025-11-09,actual,14.6,11.1,19.3,63.8,7.5,2.4,0.0,3.4000000000000004,1
2025-11-10,actual,10.7,4.7,16.0,36.3,-9.0,3.4,0.0,7.300000000000001,0
2025-11-11,actual,10.3,5.1,16.8,39.5,-9.0,1.9,0.0,7.699999999999999,0
2025-11-12,actual,8.6,2.5,14.1,69.5,-9.0,0.9,0.0,9.4,0
2025-11-13,actual,11.3,5.3,18.3,64.9,-9.0,1.4,0.0,6.699999999999999,0
2025-11-14,actual,10.3,3.7,17.6,54.1,-9.0,1.7,0.0,7.699999999999999,0
2025-11-15,actual,9.3,3.2,18.4,56.0,-9.0,1.0,0.0,8.7,0
2025-11-16,actual,10.3,3.0,20.5,66.9,-9.0,1.2,0.0,7.699999999999999,0
2025-11-17,actual,8.0,3.5,11.1,43.6,-9.0,3.9,0.0,10.0,0
2025-11-18,actual,4.6,0.7,8.4,44.0,-9.0,3.8,0.0,13.4,0
2025-11-19,actual,5.5,0.7,10.8,50.3,-9.0,2.0,0.0,12.5,0
2025-11-20,actual,8.9,0.3,15.7,54.5,-9.0,2.4,0.0,9.1,0
2025-11-21,actual,8.3,4.3,13.2,41.3,-9.0,2.8,0.0,9.7,0
2025-11-22,actual,7.7,1.4,15.9,64.5,-9.0,1.2,0.0,10.3,0
2025-11-23,actual,8.0,1.9,16.4,66.4,-9.0,1.1,0.0,10.0,0
2025-11-24,actual,11.1,6.4,18.9,60.5,-9.0,1.0,0.0,6.9,0
2025-11-25,actual,7.6,3.7,12.5,70.8,0.1,2.5,0.0,10.4,1
2025-11-26,actual,7.7,2.7,13.1,63.9,-9.0,1.8,0.0,10.3,0
2025-11-27,actual,7.8,3.3,12.9,63.3,0.0,3.1,0.0,10.2,0
2025-11-28,actual,5.2,0.1,10.0,38.6,-9.0,3.3,0.0,12.8,0
2025-11-29,actual,5.0,-2.7,14.2,57.3,-9.0,1.0,0.0,13.0,0
2025-11-30,actual,9.8,2.0,20.2,71.4,-9.0,0.9,0.0,8.2,0
2025-12-01,actual,8.8,2.9,14.3,48.5,-9.0,1.9,0.0,9.2,0
2025-12-02,actual,5.5,1.0,9.7,32.1,-9.0,4.0,0.0,12.5,0
2025-12-03,actual,-0.8,-3.1,3.0,38.1,-9.0,5.1,0.0,18.8,0
2025-12-04,actual,0.1,-4.2,5.0,48.5,-9.0,2.5,0.0,17.9,0
2025-12-05,actual,1.2,-1.9,5.4,34.5,0.0,3.7,0.0,16.8,0
2025-12-06,actual,2.1,-5.1,11.2,50.6,-9.0,1.2,0.0,15.9,0
2025-12-07,actual,6.5,-1.2,15.6,65.6,-9.0,0.9,0.0,11.5,0
2025-12-08,actual,7.1,3.2,10.7,27.4,-9.0,3.2,0.0,10.9,0
2025-12-09,actual,4.5,1.1,9.2,40.8,-9.0,3.3,0.0,13.5,0
2025-12-10,actual,4.9,-0.2,11.0,59.4,-9.0,0.9,0.0,13.1,0
2025-12-11,actual,7.3,3.7,13.1,56.0,0.3,2.0,0.0,10.7,1
2025-12-12,actual,3.5,-1.2,7.9,66.6,-9.0,2.5,0.0,14.5,0
2025-12-13,actual,4.2,-0.5,9.4,81.3,6.1,1.9,0.0,13.8,1
2025-12-14,actual,3.2,1.1,5.7,59.4,-9.0,4.1,0.0,14.8,0
2025-12-15,actual,3.5,-0.1,9.2,60.1,-9.0,2.1,0.0,14.5,0
2025-12-16,actual,3.4,-2.4,7.6,72.9,-9.0,0.5,0.0,14.6,0
2025-12-17,actual,6.7,2.1,10.4,57.4,-9.0,2.3,0.0,11.3,0
2025-12-18,actual,3.6,-2.1,11.9,55.6,-9.0,1.0,0.0,14.4,0
2025-12-19,actual,4.1,-2.6,12.2,66.8,-9.0,1.0,0.0,13.9,0
2025-12-20,actual,8.2,1.4,13.9,76.0,0.0,1.4,0.0,9.8,0
2025-12-21,actual,3.1,0.1,10.9,29.0,-9.0,4.0,0.0,14.9,0
2025-12-22,actual,1.1,-5.7,8.3,52.9,-9.0,1.3,0.0,16.9,0
2025-12-23,actual,3.1,-3.0,7.9,75.5,0.7,1.0,0.0,14.9,1
2025-12-24,actual,5.6,4.2,7.7,81.1,1.7,2.0,0.0,12.4,1
2025-12-25,actual,0.9,-4.0,4.5,47.5,-9.0,5.3,0.0,17.1,0
2025-12-26,actual,-4.2,-7.5,-0.7,24.4,-9.0,4.9,0.0,22.2,0
2025-12-27,actual,0.2,-4.6,5.8,45.5,-9.0,2.3,0.0,17.8,0
2025-12-28,actual,2.4,-2.6,8.8,65.9,-9.0,0.8,0.0,15.6,0
2025-12-29,actual,5.8,-0.9,12.7,69.1,0.0,1.5,0.0,12.2,0
2025-12-30,actual,3.5,-0.1,7.4,36.0,-9.0,2.8,0.0,14.5,0
2025-12-31,actual,-1.3,-4.5,1.8,33.4,-9.0,3.5,0.0,19.3,0
2026-01-01,actual,-3.8,-6.3,-0.6,31.4,-9.0,4.0,0.0,21.8,0
2026-01-02,actual,-4.3,-7.9,-0.3,39.0,-9.0,3.9,0.0,22.3,0
2026-01-03,actual,-0.9,-5.9,5.1,47.5,-9.0,3.2,0.0,18.9,0
2026-01-04,actual,3.4,-1.7,8.8,55.3,-9.0,1.8,0.0,14.6,0
2026-01-05,actual,2.8,-1.1,6.4,34.0,-9.0,3.7,0.0,15.2,0
2026-01-06,actual,2.3,-2.1,8.2,26.6,-9.0,3.1,0.0,15.7,0
2026-01-07,actual,2.3,-2.6,8.4,43.6,-9.0,3.3,0.0,15.7,0
2026-01-08,actual,-1.6,-4.7,2.9,27.4,-9.0,3.6,0.0,19.6,0
2026-01-09,actual,0.4,-5.9,7.7,44.8,-9.0,1.4,0.0,17.6,0
2026-01-10,actual,3.4,-2.4,11.9,51.0,0.0,4.2,0.0,14.6,0
2026-01-11,actual,-2.4,-5.7,0.5,30.8,-9.0,5.3,0.0,20.4,0
2026-01-12,actual,-1.8,-8.8,5.3,53.6,0.0,1.3,0.0,19.8,0
2026-01-13,actual,2.3,-2.2,5.9,41.6,0.0,4.1,0.0,15.7,0
2026-01-14,actual,0.4,-5.4,7.4,34.5,-9.0,1.4,0.0,17.6,0
2026-01-15,actual,7.8,-1.0,18.0,40.8,0.0,2.1,0.0,10.2,0
2026-01-16,actual,6.6,-0.9,15.8,47.0,-9.0,1.1,0.0,11.4,0
2026-01-17,actual,5.5,0.6,12.6,41.4,-9.0,1.7,0.0,12.5,0
2026-01-18,actual,4.7,-2.7,13.0,61.0,-9.0,1.1,0.0,13.3,0
2026-01-19,actual,2.6,-2.9,6.1,51.1,-9.0,3.5,0.0,15.4,0
2026-01-20,actual,-1.8,-4.9,4.3,24.0,-9.0,3.6,0.0,19.8,0
2026-01-21,actual,-4.6,-7.3,-0.8,35.6,-9.0,4.6,0.0,22.6,0
2026-01-22,actual,-5.1,-8.5,-1.1,36.8,-9.0,4.9,0.0,23.1,0
2026-01-23,actual,-1.6,-6.4,3.7,47.8,-9.0,2.8,0.0,19.6,0
2026-01-24,actual,-1.2,-4.3,2.6,38.3,0.0,3.5,0.0,19.2,0
2026-01-25,actual,-1.3,-4.9,4.1,27.1,-9.0,3.1,0.0,19.3,0
2026-01-26,actual,-1.3,-8.1,4.0,34.1,-9.0,2.0,0.0,19.3,0
2026-01-27,actual,0.8,-1.8,4.8,34.1,-9.0,4.4,0.0,17.2,0
2026-01-28,actual,-1.2,-4.7,3.3,26.6,-9.0,4.3,0.0,19.2,0
2026-01-29,actual,-0.4,-3.6,4.3,31.1,-9.0,4.3,0.0,18.4,0
2026-01-30,actual,-2.1,-5.6,2.3,25.6,-9.0,3.4,0.0,20.1,0
2026-01-31,actual,-0.6,-7.0,5.4,30.1,-9.0,2.9,0.0,18.6,0
2026-02-01,actual,-0.3,-3.9,5.0,39.4,-9.0,2.5,0.0,18.3,0
2026-02-02,actual,-1.5,-6.0,2.7,51.8,0.7,2.7,0.0,19.5,1
2026-02-03,actual,1.2,-5.4,8.7,43.9,-9.0,2.4,0.0,16.8,0
2026-02-04,actual,3.0,-3.3,10.4,55.6,-9.0,1.6,0.0,15.0,0
2026-02-05,actual,6.1,-1.6,14.0,54.6,-9.0,1.9,0.0,11.9,0
2026-02-06,actual,2.9,0.1,7.2,23.8,-9.0,3.5,0.0,15.1,0
2026-02-07,actual,-2.3,-5.8,1.5,23.4,-9.0,4.9,0.0,20.3,0
2026-02-08,actual,-5.0,-9.3,-0.6,32.9,-9.0,5.0,0.0,23.0,0
2026-02-09,actual,0.4,-5.8,8.5,38.8,-9.0,2.4,0.0,17.6,0
2026-02-10,actual,2.8,-3.1,7.2,49.6,-9.0,1.4,0.0,15.2,0
2026-02-11,actual,5.1,1.2,9.7,55.6,-9.0,2.8,0.0,12.9,0
2026-02-12,actual,4.6,-0.6,11.4,41.5,-9.0,2.3,0.0,13.4,0
2026-02-13,actual,5.2,-2.6,14.3,43.6,-9.0,1.4,0.0,12.8,0
2026-02-14,actual,6.6,-0.4,14.5,49.4,-9.0,1.3,0.0,11.4,0
2026-02-15,actual,8.4,1.1,16.9,52.9,-9.0,2.2,0.0,9.6,0
2026-02-16,actual,5.7,2.9,10.6,46.4,-9.0,3.3,0.0,12.3,0
2026-02-17,actual,5.2,-0.6,12.2,46.1,-9.0,2.1,0.0,12.8,0
2026-02-18,actual,4.9,-1.4,11.9,37.6,-9.0,2.6,0.0,13.1,0
2026-02-19,actual,4.2,-4.6,12.8,36.4,-9.0,1.6,0.0,13.8,0
2026-02-20,actual,6.6,-1.6,15.8,33.5,-9.0,1.3,0.0,11.4,0
2026-02-21,actual,9.2,-0.5,19.7,46.9,-9.0,1.5,0.0,8.8,0
2026-02-22,actual,11.6,4.9,22.3,41.4,-9.0,3.8,0.0,6.4,0
2026-02-23,actual,6.2,1.8,12.1,20.5,-9.0,3.5,0.0,11.8,0
2026-02-24,actual,2.1,0.3,5.6,62.1,16.1,0.9,0.0,15.9,1
2026-02-25,actual,6.1,1.0,11.0,69.3,-9.0,2.0,0.0,11.9,0
2026-02-26,actual,8.3,6.5,10.6,65.3,-9.0,2.1,0.0,9.7,0
2026-02-27,actual,7.7,6.3,9.5,72.9,1.4,2.3,0.0,10.3,1
2026-02-28,actual,6.5,0.5,10.5,66.0,-9.0,3.1,0.0,11.5,0
2026-03-01,actual,8.1,6.7,9.6,61.3,-9.0,3.2,0.0,9.9,0
2026-03-02,actual,6.7,4.2,8.1,78.9,20.5,4.4,0.0,11.3,1
2026-03-03,actual,7.4,4.4,12.4,70.9,0.1,1.9,0.0,10.6,1
2026-03-04,actual,7.9,2.0,14.0,60.0,-9.0,1.9,0.0,10.1,0
2026-03-05,actual,8.0,1.0,15.0,68.1,0.1,1.7,0.0,10.0,1
2026-03-06,actual,6.0,1.9,9.6,57.9,0.6,4.1,0.0,12.0,1
2026-03-07,actual,3.7,0.1,8.8,37.3,-9.0,3.9,0.0,14.3,0
2026-03-08,actual,4.7,-3.8,12.2,33.4,-9.0,1.9,0.0,13.3,0
2026-03-09,actual,5.1,1.9,9.1,44.4,-9.0,3.1,0.0,12.9,0
2026-03-10,actual,5.0,-2.1,12.5,50.8,-9.0,1.3,0.0,13.0,0
2026-03-11,actual,6.7,-0.6,14.2,50.6,-9.0,1.1,0.0,11.3,0
2026-03-12,actual,6.9,1.5,12.3,59.9,0.4,1.8,0.0,11.1,1
2026-03-13,actual,5.6,1.9,10.0,53.5,-9.0,2.5,0.0,12.4,0
2026-03-14,actual,6.7,-1.7,14.8,51.0,-9.0,1.3,0.0,11.3,0
2026-03-15,actual,7.8,4.6,11.1,55.1,-9.0,1.7,0.0,10.2,0
2026-03-16,actual,9.0,2.1,16.4,59.5,-9.0,1.9,0.0,9.0,0
2026-03-17,actual,10.8,3.3,18.8,58.5,-9.0,1.3,0.0,7.199999999999999,0
2026-03-18,actual,8.6,6.8,10.7,82.1,5.1,2.2,0.0,9.4,1
2026-03-19,actual,9.6,4.4,15.7,36.8,-9.0,3.0,0.0,8.4,0
2026-03-20,actual,10.1,4.1,17.5,26.9,-9.0,2.5,0.0,7.9,0
2026-03-21,actual,10.5,2.0,19.3,45.3,-9.0,1.3,0.0,7.5,0
2026-03-22,actual,11.2,6.1,19.4,46.5,-9.0,1.1,0.0,6.800000000000001,0
2026-03-23,actual,11.1,3.7,19.5,47.9,-9.0,3.0,0.0,6.9,0
2026-03-24,actual,11.4,3.9,19.0,57.0,-9.0,2.2,0.0,6.6,0
2026-03-25,actual,12.6,9.5,18.4,57.0,0.0,1.8,0.0,5.4,0
2026-03-26,actual,14.0,5.0,23.8,51.1,-9.0,1.8,0.0,4.0,0
2026-03-27,actual,16.0,6.4,24.8,42.0,-9.0,1.9,0.0,2.0,0
2026-03-28,actual,15.5,10.5,23.5,46.0,-9.0,2.9,0.0,2.5,0
2026-03-29,actual,14.5,7.2,22.8,55.5,-9.0,1.7,0.0,3.5,0
2026-03-30,actual,13.0,9.3,19.3,69.1,9.4,1.4,0.0,5.0,1
2026-03-31,actual,12.9,10.4,15.8,74.1,17.3,2.6,0.0,5.1,1
2026-04-01,actual,13.1,10.1,17.0,72.9,0.2,2.1,0.0,4.9,1
2026-04-02,actual,14.4,8.2,20.7,38.3,-9.0,2.8,0.0,3.5999999999999996,0
2026-04-03,actual,15.0,6.7,23.5,46.6,0.4,1.7,0.0,3.0,1
2026-04-04,actual,14.0,10.7,19.0,81.6,36.3,2.5,0.0,4.0,1
2026-04-05,actual,14.2,8.4,20.9,49.9,-9.0,2.0,0.0,3.8000000000000007,0
2026-04-06,actual,11.5,9.5,14.1,75.0,11.5,2.1,0.0,6.5,1
2026-04-07,actual,10.4,6.2,15.4,26.6,-9.0,3.4,0.0,7.6,0
2026-04-08,actual,12.0,2.1,20.9,39.8,-9.0,1.7,0.0,6.0,0
2026-04-09,actual,12.6,9.3,15.4,76.8,6.3,1.6,0.0,5.4,1
2026-04-10,actual,16.4,12.6,20.9,69.6,0.0,3.0,0.0,1.6000000000000014,0
2026-04-11,actual,16.8,9.5,24.9,46.9,-9.0,3.0,0.0,1.1999999999999993,0
2026-04-12,actual,16.9,8.9,23.3,40.1,-9.0,1.4,0.0,1.1000000000000014,0
2026-04-13,actual,17.6,10.9,24.3,45.4,-9.0,3.1,0.0,0.3999999999999986,0
2026-04-14,actual,14.7,12.7,17.5,63.5,0.0,3.5,0.0,3.3000000000000007,0
2026-04-15,actual,16.5,9.3,27.3,56.1,-9.0,2.3,0.0,1.5,0
2026-04-16,actual,14.4,9.1,20.2,54.9,-9.0,3.7,0.0,3.5999999999999996,0
2026-04-17,actual,12.5,10.7,14.4,81.3,7.8,1.5,0.0,5.5,1
2026-04-18,actual,17.3,12.8,23.5,79.8,5.8,1.1,0.0,0.6999999999999993,1
2026-04-19,actual,19.4,13.6,26.3,68.4,-9.0,1.6,1.3999999999999986,0.0,0
2026-04-20,actual,17.2,10.3,25.4,65.4,0.0,2.8,0.0,0.8000000000000007,0
2026-04-21,actual,16.1,7.5,24.3,27.8,-9.0,2.2,0.0,1.8999999999999986,0
2026-04-22,actual,15.5,12.4,20.3,43.9,0.0,1.6,0.0,2.5,0
2026-04-23,actual,14.6,10.2,20.9,52.8,-9.0,3.0,0.0,3.4000000000000004,0
2026-04-24,actual,14.1,6.6,21.4,45.8,-9.0,2.8,0.0,3.9000000000000004,0
2026-04-25,actual,16.4,5.9,26.2,43.3,-9.0,1.8,0.0,1.6000000000000014,0
2026-04-26,actual,18.6,8.6,27.2,42.5,-9.0,1.7,0.6000000000000014,0.0,0
2026-04-27,actual,19.8,12.2,27.9,40.4,-9.0,2.1,1.8000000000000007,0.0,0
2026-04-28,actual,17.4,12.7,23.1,47.8,-9.0,2.7,0.0,0.6000000000000014,0
2026-04-29,actual,15.3,11.3,19.2,50.1,-9.0,2.1,0.0,2.6999999999999993,0
2026-04-30,actual,15.3,11.9,20.2,62.3,0.0,2.4,0.0,2.6999999999999993,0
2026-05-01,actual,16.4,9.8,24.6,50.4,5.1,3.3,0.0,1.6000000000000014,1
2026-05-02,actual,19.9,11.8,27.5,44.0,0.0,1.3,1.8999999999999986,0.0,0
2026-05-03,actual,14.6,12.1,19.2,79.1,7.6,2.2,0.0,3.4000000000000004,1
2026-05-04,actual,15.7,10.9,21.1,38.6,-9.0,4.4,0.0,2.3000000000000007,0
2026-05-05,actual,16.2,6.4,25.1,45.4,-9.0,1.6,0.0,1.8000000000000007,0
2026-05-06,actual,18.7,9.0,27.4,47.4,-9.0,1.4,0.6999999999999993,0.0,0
2026-05-07,actual,20.4,12.6,27.8,48.5,-9.0,2.1,2.3999999999999986,0.0,0
2026-05-08,actual,17.4,13.0,22.3,35.3,0.5,4.7,0.0,0.6000000000000014,1
2026-05-09,actual,17.1,7.9,25.1,39.9,-9.0,1.5,0.0,0.8999999999999986,0
2026-05-10,actual,18.8,10.0,27.2,40.6,-9.0,1.8,0.8000000000000007,0.0,0
2026-05-11,actual,20.1,11.1,27.3,49.1,-9.0,1.8,2.1000000000000014,0.0,0
2026-05-12,actual,18.9,15.2,24.4,71.9,0.6,1.2,0.8999999999999986,0.0,1
2026-05-13,actual,20.9,13.0,28.5,62.8,-9.0,1.1,2.8999999999999986,0.0,0
2026-05-14,actual,19.9,15.2,25.2,64.5,-9.0,3.4,1.8999999999999986,0.0,0
2026-05-15,actual,21.8,14.0,29.4,51.0,-9.0,2.1,3.8000000000000007,0.0,0
2026-05-16,actual,24.1,13.7,33.2,43.4,-9.0,1.1,6.100000000000001,0.0,0
2026-05-17,actual,25.7,15.9,34.1,40.5,-9.0,1.1,7.699999999999999,0.0,0
2026-05-18,actual,25.3,16.1,34.7,37.9,-9.0,1.4,7.300000000000001,0.0,0
2026-05-19,actual,23.9,16.5,30.9,41.6,-9.0,1.7,5.899999999999999,0.0,0
2026-05-20,actual,15.6,14.9,21.9,92.6,57.0,3.5,0.0,2.4000000000000004,1
2026-05-21,actual,17.5,15.7,19.7,90.5,2.9,2.3,0.0,0.5,1
2026-05-22,actual,18.4,16.0,22.1,68.3,-9.0,3.3,0.3999999999999986,0.0,0
2026-05-23,actual,17.5,15.5,20.1,73.9,0.1,3.0,0.0,0.5,1
2026-05-24,actual,20.4,12.9,27.1,68.0,-9.0,1.6,2.3999999999999986,0.0,0
2026-05-25,actual,24.2,16.9,31.8,65.4,-9.0,1.6,6.199999999999999,0.0,0
2026-05-26,actual,23.9,19.9,30.1,72.9,1.5,2.1,5.899999999999999,0.0,1
2026-05-27,actual,20.4,19.3,21.9,84.1,6.4,3.3,2.3999999999999986,0.0,1
2026-05-28,actual,23.3,18.9,28.1,69.1,-9.0,2.1,5.300000000000001,0.0,0
2026-05-29,actual,23.2,19.2,28.3,53.4,-9.0,2.4,5.199999999999999,0.0,0
2026-05-30,actual,24.3,15.3,31.7,42.6,-9.0,1.7,6.300000000000001,0.0,0
2026-05-31,actual,25.4,15.8,33.7,43.6,-9.0,1.0,7.399999999999999,0.0,0
2026-06-01,actual,24.8,16.9,32.2,53.3,-9.0,1.4,6.800000000000001,0.0,0
2026-06-02,actual,21.2,19.5,23.9,84.3,7.6,1.5,3.1999999999999993,0.0,1
2026-06-03,actual,23.6,17.3,29.8,72.5,-9.0,1.9,5.600000000000001,0.0,0
2026-06-04,actual,24.1,20.2,28.9,67.1,-9.0,2.0,6.100000000000001,0.0,0
2026-06-05,actual,23.4,18.8,27.3,47.6,-9.0,2.8,5.399999999999999,0.0,0
2026-06-06,actual,22.1,14.7,28.3,49.5,-9.0,2.7,4.100000000000001,0.0,0
2026-06-07,actual,20.8,18.5,22.9,73.0,0.0,2.6,2.8000000000000007,0.0,0
2026-06-08,actual,20.4,18.0,24.5,75.0,3.5,1.4,2.3999999999999986,0.0,1
2026-06-09,actual,21.6,15.6,27.6,64.4,-9.0,1.4,3.6000000000000014,0.0,0
2026-06-10,actual,23.4,16.6,29.2,48.9,-9.0,2.1,5.399999999999999,0.0,0
2026-06-11,actual,23.1,15.9,28.7,45.0,-9.0,2.4,5.100000000000001,0.0,0
2026-06-12,actual,24.2,17.6,30.8,43.0,-9.0,2.2,6.199999999999999,0.0,0
2026-06-13,actual,25.3,17.0,32.7,43.6,-9.0,1.3,7.300000000000001,0.0,0
2026-06-14,actual,24.4,18.8,31.7,50.9,-9.0,1.5,6.399999999999999,0.0,0
2026-06-15,actual,24.4,18.1,30.4,57.4,-9.0,2.2,6.399999999999999,0.0,0
2026-06-16,actual,24.3,17.9,30.8,59.6,-9.0,2.5,6.300000000000001,0.0,0
2026-06-17,actual,26.1,19.6,32.9,59.4,-9.0,1.9,8.100000000000001,0.0,0
2026-06-18,actual,27.1,22.3,33.1,63.6,0.1,1.3,9.100000000000001,0.0,1
2026-06-19,actual,25.7,22.7,30.3,75.3,4.9,2.0,7.699999999999999,0.0,1
2026-06-20,actual,25.9,22.2,31.3,73.0,17.0,3.0,7.899999999999999,0.0,1
2026-06-21,actual,24.5,20.7,29.1,62.8,-9.0,2.3,6.5,0.0,0
2026-06-22,actual,20.7,18.9,23.1,72.6,-9.0,3.1,2.6999999999999993,0.0,0
2026-06-23,actual,19.8,17.8,22.7,75.0,-9.0,3.9,1.8000000000000007,0.0,0
